Dataset,Sources,Timeframe,Entries,Countries,Carrier prevalence range,Sample size range,Entries from specific ethnic groups,Disaggregated,Multi-location,Hardy-Weinberg,Biased,NoQC,NoQC without Trusted,NoQC or Biased,NoQC without Trusted or Biased,Non-distinct ADM2/Site entries,ADM0 entries left,ADM1 entries left,ADM2 entries left,Site-specified entries left,Entries per max value,Entries per sample size bin,Entries per timeframe bin,Entries per ADM0 country
Data,277,1964 - 2023,1900,221,0 - 80.2,50 - 1288400000,249 (13.11%),0 (0%),346 (18.21%),212 (11.16%),39 (2.05%),848 (44.63%),184 (9.83%),887 (46.68%),223 (11.91%),715 (37.63%),411 (21.63%),342 (18%),412 (21.68%),735 (38.68%),ADM0: 411; ADM1: 342; ADM2: 412; Site: 735,"1-100: 97; 101-1,000: 681; 1,001-10,000: 465; 10,001-100,000: 313; 100,001-1,000,000: 136; 1,000,001-10,000,000: 128; 10,000,001-100,000,000: 69; 100,000,001-1,288,400,000: 11",1964-1970: 32; 1971-1980: 66; 1981-1990: 60; 1991-2000: 119; 2001-2010: 953; 2011-2020: 601; 2021-2023: 69,Bahrain: 423; India: 383; China: 185; Iran: 111; Saudi Arabia: 78; Turkey: 75; Kuwait: 54; Thailand: 54; Vanuatu: 34; Cyprus: 33; Iraq: 29; Maldives: 24; Sri Lanka: 18; South Korea: 16; United States: 15; Liberia: 14; Greece: 13; Jordan: 12; Malaysia: 12; Italy: 10; Oman: 10; United Kingdom: 10; Brazil: 9; Denmark: 9; Cambodia: 8; Australia: 6; United Arab Emirates: 6; Bulgaria: 5; Malta: 5; Pakistan: 5; Tunisia: 5; Bangladesh: 4; Canada: 4; Belgium: 3; Libya: 3; Myanmar [Burma]: 3; Netherlands: 3; North Macedonia: 3; Portugal: 3; Spain: 3; Albania: 2; Bosnia and Herzegovina: 2; Cameroon: 2; Croatia: 2; Democratic Republic of the Congo: 2; France: 2; Germany: 2; Guinea: 2; Japan: 2; Mexico: 2; Nigeria: 2; Palestine: 2; Papua New Guinea: 2; Poland: 2; Rwanda: 2; Serbia: 2; Togo: 2; Vietnam: 2; Yemen: 2; Afghanistan: 1; Algeria: 1; American Samoa: 1; Andorra: 1; Angola: 1; Anguilla: 1; Antigua and Barbuda: 1; Argentina: 1; Armenia: 1; Aruba: 1; Austria: 1; Azerbaijan: 1; Bahamas: 1; Barbados: 1; Belarus: 1; Belize: 1; Benin: 1; Bermuda: 1; Bhutan: 1; Bolivia: 1; Botswana: 1; British Virgin Islands: 1; Brunei: 1; Burkina Faso: 1; Burundi: 1; Cape Verde: 1; Cayman Islands: 1; Central African Republic: 1; Chad: 1; Chile: 1; Colombia: 1; Comoros: 1; Cook Islands: 1; Costa Rica: 1; Cuba: 1; Czech Republic: 1; Djibouti: 1; Dominica: 1; Dominican Republic: 1; East Timor: 1; Ecuador: 1; Egypt: 1; El Salvador: 1; Equatorial Guinea: 1; Eritrea: 1; Estonia: 1; Ethiopia: 1; Falkland Islands: 1; Faroe Islands: 1; Fiji: 1; Finland: 1; French Guiana: 1; French Polynesia: 1; Gabon: 1; Gambia: 1; Georgia: 1; Ghana: 1; Gibraltar: 1; Greenland: 1; Grenada: 1; Guadeloupe: 1; Guatemala: 1; Guinea-Bissau: 1; Guyana: 1; Haiti: 1; Honduras: 1; Hungary: 1; Iceland: 1; Indonesia: 1; Ireland: 1; Israel: 1; Ivory Coast: 1; Jamaica: 1; Kazakhstan: 1; Kenya: 1; Kiribati: 1; Kyrgyzstan: 1; Laos: 1; Latvia: 1; Lebanon: 1; Lesotho: 1; Liechtenstein: 1; Lithuania: 1; Luxembourg: 1; Madagascar: 1; Malawi: 1; Mali: 1; Marshall Islands: 1; Martinique: 1; Mauritania: 1; Mauritius: 1; Mayotte: 1; Micronesia: 1; Moldova: 1; Monaco: 1; Mongolia: 1; Montenegro: 1; Montserrat: 1; Morocco: 1; Mozambique: 1; Namibia: 1; Nauru: 1; Nepal: 1; New Caledonia: 1; New Zealand: 1; Nicaragua: 1; Niger: 1; Niue: 1; North Korea: 1; Norway: 1; Palau: 1; Panama: 1; Paraguay: 1; Peru: 1; Philippines: 1; Pitcairn Islands: 1; Qatar: 1; Republic of the Congo: 1; Reunion: 1; Romania: 1; Russia: 1; Saint Helena: 1; Saint Kitts and Nevis: 1; Saint Lucia: 1; Saint Pierre and Miquelon: 1; Saint Vincent and the Grenadines: 1; Samoa: 1; San Marino: 1; Sao Tome and Principe: 1; Senegal: 1; Seychelles: 1; Sierra Leone: 1; Singapore: 1; Slovakia: 1; Slovenia: 1; Solomon Islands: 1; Somalia: 1; South Africa: 1; Sudan: 1; Suriname: 1; Swaziland: 1; Sweden: 1; Switzerland: 1; Syria: 1; Taiwan: 1; Tajikistan: 1; Tanzania: 1; Tokelau: 1; Tonga: 1; Trinidad and Tobago: 1; Turkmenistan: 1; Turks and Caicos Islands: 1; Tuvalu: 1; Uganda: 1; Ukraine: 1; Uruguay: 1; Uzbekistan: 1; Venezuela: 1; Wallis and Futuna: 1; Western Sahara: 1; Zambia: 1; Zimbabwe: 1
Data1,167,1965 - 2023,661,220,0 - 80.2,50 - 1288400000,34 (5.14%),0 (0%),101 (15.28%),15 (2.27%),15 (2.27%),253 (38.28%),14 (2.12%),268 (40.54%),29 (4.39%),0 (0%),220 (33.28%),109 (16.49%),225 (34.04%),107 (16.19%),ADM0: 220; ADM1: 109; ADM2: 225; Site: 107,"1-100: 29; 101-1,000: 183; 1,001-10,000: 143; 10,001-100,000: 104; 100,001-1,000,000: 53; 1,000,001-10,000,000: 76; 10,000,001-100,000,000: 62; 100,000,001-1,288,400,000: 11",1964-1970: 14; 1971-1980: 43; 1981-1990: 19; 1991-2000: 28; 2001-2010: 364; 2011-2020: 163; 2021-2023: 30,India: 104; China: 85; Turkey: 33; Vanuatu: 33; Thailand: 29; Bahrain: 27; Saudi Arabia: 26; Iraq: 23; Iran: 13; Maldives: 10; Oman: 8; Italy: 7; Cyprus: 6; Jordan: 6; South Korea: 6; Cambodia: 5; Kuwait: 5; United States: 5; Brazil: 4; United Kingdom: 4; Bangladesh: 3; Greece: 3; Malaysia: 3; Myanmar [Burma]: 3; Pakistan: 3; Sri Lanka: 3; United Arab Emirates: 3; Albania: 2; Bulgaria: 2; Democratic Republic of the Congo: 2; Libya: 2; Malta: 2; Mexico: 2; Palestine: 2; Portugal: 2; Afghanistan: 1; Algeria: 1; American Samoa: 1; Andorra: 1; Angola: 1; Anguilla: 1; Antigua and Barbuda: 1; Argentina: 1; Armenia: 1; Aruba: 1; Australia: 1; Austria: 1; Azerbaijan: 1; Bahamas: 1; Barbados: 1; Belarus: 1; Belgium: 1; Belize: 1; Benin: 1; Bermuda: 1; Bhutan: 1; Bolivia: 1; Bosnia and Herzegovina: 1; Botswana: 1; British Virgin Islands: 1; Brunei: 1; Burkina Faso: 1; Burundi: 1; Cameroon: 1; Canada: 1; Cape Verde: 1; Cayman Islands: 1; Central African Republic: 1; Chad: 1; Chile: 1; Colombia: 1; Comoros: 1; Cook Islands: 1; Costa Rica: 1; Croatia: 1; Cuba: 1; Czech Republic: 1; Denmark: 1; Djibouti: 1; Dominica: 1; Dominican Republic: 1; East Timor: 1; Ecuador: 1; Egypt: 1; El Salvador: 1; Equatorial Guinea: 1; Eritrea: 1; Estonia: 1; Ethiopia: 1; Falkland Islands: 1; Faroe Islands: 1; Fiji: 1; Finland: 1; France: 1; French Guiana: 1; French Polynesia: 1; Gabon: 1; Gambia: 1; Georgia: 1; Germany: 1; Ghana: 1; Gibraltar: 1; Greenland: 1; Grenada: 1; Guadeloupe: 1; Guatemala: 1; Guinea: 1; Guinea-Bissau: 1; Guyana: 1; Haiti: 1; Honduras: 1; Hungary: 1; Iceland: 1; Indonesia: 1; Ireland: 1; Israel: 1; Ivory Coast: 1; Jamaica: 1; Japan: 1; Kazakhstan: 1; Kenya: 1; Kiribati: 1; Kyrgyzstan: 1; Laos: 1; Latvia: 1; Lebanon: 1; Lesotho: 1; Liberia: 1; Liechtenstein: 1; Lithuania: 1; Luxembourg: 1; Madagascar: 1; Malawi: 1; Mali: 1; Marshall Islands: 1; Martinique: 1; Mauritania: 1; Mauritius: 1; Mayotte: 1; Micronesia: 1; Moldova: 1; Monaco: 1; Mongolia: 1; Montenegro: 1; Montserrat: 1; Morocco: 1; Mozambique: 1; Namibia: 1; Nauru: 1; Nepal: 1; Netherlands: 1; New Caledonia: 1; New Zealand: 1; Nicaragua: 1; Niger: 1; Nigeria: 1; Niue: 1; North Korea: 1; North Macedonia: 1; Norway: 1; Palau: 1; Panama: 1; Papua New Guinea: 1; Paraguay: 1; Peru: 1; Philippines: 1; Pitcairn Islands: 1; Poland: 1; Qatar: 1; Republic of the Congo: 1; Reunion: 1; Romania: 1; Russia: 1; Rwanda: 1; Saint Kitts and Nevis: 1; Saint Lucia: 1; Saint Pierre and Miquelon: 1; Saint Vincent and the Grenadines: 1; Samoa: 1; San Marino: 1; Sao Tome and Principe: 1; Senegal: 1; Serbia: 1; Seychelles: 1; Sierra Leone: 1; Singapore: 1; Slovakia: 1; Slovenia: 1; Solomon Islands: 1; Somalia: 1; South Africa: 1; Spain: 1; Sudan: 1; Suriname: 1; Swaziland: 1; Sweden: 1; Switzerland: 1; Syria: 1; Taiwan: 1; Tajikistan: 1; Tanzania: 1; Togo: 1; Tokelau: 1; Tonga: 1; Trinidad and Tobago: 1; Tunisia: 1; Turkmenistan: 1; Turks and Caicos Islands: 1; Tuvalu: 1; Uganda: 1; Ukraine: 1; Uruguay: 1; Uzbekistan: 1; Venezuela: 1; Vietnam: 1; Wallis and Futuna: 1; Western Sahara: 1; Yemen: 1; Zambia: 1; Zimbabwe: 1
Data2,152,1965 - 2023,560,220,0 - 80.2,50 - 1288400000,24 (4.29%),0 (0%),0 (0%),15 (2.68%),15 (2.68%),253 (45.18%),14 (2.5%),268 (47.86%),29 (5.19%),0 (0%),220 (39.29%),88 (15.71%),154 (27.5%),98 (17.5%),ADM0: 220; ADM1: 88; ADM2: 154; Site: 98,"1-100: 23; 101-1,000: 146; 1,001-10,000: 107; 10,001-100,000: 90; 100,001-1,000,000: 49; 1,000,001-10,000,000: 72; 10,000,001-100,000,000: 62; 100,000,001-1,288,400,000: 11",1964-1970: 12; 1971-1980: 14; 1981-1990: 15; 1991-2000: 17; 2001-2010: 352; 2011-2020: 121; 2021-2023: 29,India: 90; China: 64; Turkey: 29; Bahrain: 27; Saudi Arabia: 26; Iraq: 23; Thailand: 22; Maldives: 10; Iran: 9; Jordan: 6; Vanuatu: 6; Cambodia: 5; Italy: 5; United States: 5; Brazil: 4; United Kingdom: 4; Bangladesh: 3; Greece: 3; Malaysia: 3; Pakistan: 3; Sri Lanka: 3; United Arab Emirates: 3; Albania: 2; Bulgaria: 2; Cyprus: 2; Democratic Republic of the Congo: 2; Libya: 2; Malta: 2; Mexico: 2; Palestine: 2; Portugal: 2; Afghanistan: 1; Algeria: 1; American Samoa: 1; Andorra: 1; Angola: 1; Anguilla: 1; Antigua and Barbuda: 1; Argentina: 1; Armenia: 1; Aruba: 1; Australia: 1; Austria: 1; Azerbaijan: 1; Bahamas: 1; Barbados: 1; Belarus: 1; Belgium: 1; Belize: 1; Benin: 1; Bermuda: 1; Bhutan: 1; Bolivia: 1; Bosnia and Herzegovina: 1; Botswana: 1; British Virgin Islands: 1; Brunei: 1; Burkina Faso: 1; Burundi: 1; Cameroon: 1; Canada: 1; Cape Verde: 1; Cayman Islands: 1; Central African Republic: 1; Chad: 1; Chile: 1; Colombia: 1; Comoros: 1; Cook Islands: 1; Costa Rica: 1; Croatia: 1; Cuba: 1; Czech Republic: 1; Denmark: 1; Djibouti: 1; Dominica: 1; Dominican Republic: 1; East Timor: 1; Ecuador: 1; Egypt: 1; El Salvador: 1; Equatorial Guinea: 1; Eritrea: 1; Estonia: 1; Ethiopia: 1; Falkland Islands: 1; Faroe Islands: 1; Fiji: 1; Finland: 1; France: 1; French Guiana: 1; French Polynesia: 1; Gabon: 1; Gambia: 1; Georgia: 1; Germany: 1; Ghana: 1; Gibraltar: 1; Greenland: 1; Grenada: 1; Guadeloupe: 1; Guatemala: 1; Guinea: 1; Guinea-Bissau: 1; Guyana: 1; Haiti: 1; Honduras: 1; Hungary: 1; Iceland: 1; Indonesia: 1; Ireland: 1; Israel: 1; Ivory Coast: 1; Jamaica: 1; Japan: 1; Kazakhstan: 1; Kenya: 1; Kiribati: 1; Kuwait: 1; Kyrgyzstan: 1; Laos: 1; Latvia: 1; Lebanon: 1; Lesotho: 1; Liberia: 1; Liechtenstein: 1; Lithuania: 1; Luxembourg: 1; Madagascar: 1; Malawi: 1; Mali: 1; Marshall Islands: 1; Martinique: 1; Mauritania: 1; Mauritius: 1; Mayotte: 1; Micronesia: 1; Moldova: 1; Monaco: 1; Mongolia: 1; Montenegro: 1; Montserrat: 1; Morocco: 1; Mozambique: 1; Myanmar [Burma]: 1; Namibia: 1; Nauru: 1; Nepal: 1; Netherlands: 1; New Caledonia: 1; New Zealand: 1; Nicaragua: 1; Niger: 1; Nigeria: 1; Niue: 1; North Korea: 1; North Macedonia: 1; Norway: 1; Oman: 1; Palau: 1; Panama: 1; Papua New Guinea: 1; Paraguay: 1; Peru: 1; Philippines: 1; Pitcairn Islands: 1; Poland: 1; Qatar: 1; Republic of the Congo: 1; Reunion: 1; Romania: 1; Russia: 1; Rwanda: 1; Saint Kitts and Nevis: 1; Saint Lucia: 1; Saint Pierre and Miquelon: 1; Saint Vincent and the Grenadines: 1; Samoa: 1; San Marino: 1; Sao Tome and Principe: 1; Senegal: 1; Serbia: 1; Seychelles: 1; Sierra Leone: 1; Singapore: 1; Slovakia: 1; Slovenia: 1; Solomon Islands: 1; Somalia: 1; South Africa: 1; South Korea: 1; Spain: 1; Sudan: 1; Suriname: 1; Swaziland: 1; Sweden: 1; Switzerland: 1; Syria: 1; Taiwan: 1; Tajikistan: 1; Tanzania: 1; Togo: 1; Tokelau: 1; Tonga: 1; Trinidad and Tobago: 1; Tunisia: 1; Turkmenistan: 1; Turks and Caicos Islands: 1; Tuvalu: 1; Uganda: 1; Ukraine: 1; Uruguay: 1; Uzbekistan: 1; Venezuela: 1; Vietnam: 1; Wallis and Futuna: 1; Western Sahara: 1; Yemen: 1; Zambia: 1; Zimbabwe: 1
Data3,160,1965 - 2023,646,219,0 - 80.2,50 - 1288400000,34 (5.26%),0 (0%),101 (15.63%),0 (0%),15 (2.32%),238 (36.84%),0 (0%),253 (39.16%),15 (2.32%),0 (0%),219 (33.9%),95 (14.71%),225 (34.83%),107 (16.56%),ADM0: 219; ADM1: 95; ADM2: 225; Site: 107,"1-100: 29; 101-1,000: 179; 1,001-10,000: 135; 10,001-100,000: 101; 100,001-1,000,000: 53; 1,000,001-10,000,000: 76; 10,000,001-100,000,000: 62; 100,000,001-1,288,400,000: 11",1964-1970: 13; 1971-1980: 42; 1981-1990: 9; 1991-2000: 28; 2001-2010: 363; 2011-2020: 161; 2021-2023: 30,India: 104; China: 74; Turkey: 33; Vanuatu: 33; Thailand: 29; Bahrain: 27; Saudi Arabia: 26; Iraq: 23; Iran: 13; Maldives: 10; Oman: 8; Italy: 7; Cyprus: 6; Jordan: 6; South Korea: 6; Cambodia: 5; Kuwait: 5; United States: 5; United Kingdom: 4; Bangladesh: 3; Greece: 3; Malaysia: 3; Myanmar [Burma]: 3; Pakistan: 3; Sri Lanka: 3; United Arab Emirates: 3; Albania: 2; Brazil: 2; Bulgaria: 2; Democratic Republic of the Congo: 2; Libya: 2; Malta: 2; Palestine: 2; Portugal: 2; Afghanistan: 1; Algeria: 1; American Samoa: 1; Andorra: 1; Angola: 1; Anguilla: 1; Antigua and Barbuda: 1; Argentina: 1; Armenia: 1; Aruba: 1; Australia: 1; Austria: 1; Azerbaijan: 1; Bahamas: 1; Barbados: 1; Belarus: 1; Belgium: 1; Belize: 1; Benin: 1; Bermuda: 1; Bhutan: 1; Bolivia: 1; Bosnia and Herzegovina: 1; Botswana: 1; British Virgin Islands: 1; Brunei: 1; Burkina Faso: 1; Burundi: 1; Cameroon: 1; Canada: 1; Cape Verde: 1; Cayman Islands: 1; Central African Republic: 1; Chad: 1; Chile: 1; Colombia: 1; Comoros: 1; Cook Islands: 1; Costa Rica: 1; Croatia: 1; Cuba: 1; Czech Republic: 1; Denmark: 1; Djibouti: 1; Dominica: 1; Dominican Republic: 1; East Timor: 1; Ecuador: 1; Egypt: 1; El Salvador: 1; Equatorial Guinea: 1; Eritrea: 1; Estonia: 1; Ethiopia: 1; Falkland Islands: 1; Faroe Islands: 1; Fiji: 1; Finland: 1; France: 1; French Guiana: 1; French Polynesia: 1; Gabon: 1; Gambia: 1; Georgia: 1; Germany: 1; Ghana: 1; Gibraltar: 1; Greenland: 1; Grenada: 1; Guadeloupe: 1; Guatemala: 1; Guinea: 1; Guinea-Bissau: 1; Guyana: 1; Haiti: 1; Honduras: 1; Hungary: 1; Iceland: 1; Indonesia: 1; Ireland: 1; Israel: 1; Ivory Coast: 1; Jamaica: 1; Japan: 1; Kazakhstan: 1; Kenya: 1; Kiribati: 1; Kyrgyzstan: 1; Laos: 1; Latvia: 1; Lebanon: 1; Lesotho: 1; Liberia: 1; Liechtenstein: 1; Lithuania: 1; Luxembourg: 1; Madagascar: 1; Malawi: 1; Mali: 1; Marshall Islands: 1; Martinique: 1; Mauritania: 1; Mauritius: 1; Mayotte: 1; Mexico: 1; Micronesia: 1; Moldova: 1; Monaco: 1; Mongolia: 1; Montserrat: 1; Morocco: 1; Mozambique: 1; Namibia: 1; Nauru: 1; Nepal: 1; Netherlands: 1; New Caledonia: 1; New Zealand: 1; Nicaragua: 1; Niger: 1; Nigeria: 1; Niue: 1; North Korea: 1; North Macedonia: 1; Norway: 1; Palau: 1; Panama: 1; Papua New Guinea: 1; Paraguay: 1; Peru: 1; Philippines: 1; Pitcairn Islands: 1; Poland: 1; Qatar: 1; Republic of the Congo: 1; Reunion: 1; Romania: 1; Russia: 1; Rwanda: 1; Saint Kitts and Nevis: 1; Saint Lucia: 1; Saint Pierre and Miquelon: 1; Saint Vincent and the Grenadines: 1; Samoa: 1; San Marino: 1; Sao Tome and Principe: 1; Senegal: 1; Serbia: 1; Seychelles: 1; Sierra Leone: 1; Singapore: 1; Slovakia: 1; Slovenia: 1; Solomon Islands: 1; Somalia: 1; South Africa: 1; Spain: 1; Sudan: 1; Suriname: 1; Swaziland: 1; Sweden: 1; Switzerland: 1; Syria: 1; Taiwan: 1; Tajikistan: 1; Tanzania: 1; Togo: 1; Tokelau: 1; Tonga: 1; Trinidad and Tobago: 1; Tunisia: 1; Turkmenistan: 1; Turks and Caicos Islands: 1; Tuvalu: 1; Uganda: 1; Ukraine: 1; Uruguay: 1; Uzbekistan: 1; Venezuela: 1; Vietnam: 1; Wallis and Futuna: 1; Western Sahara: 1; Yemen: 1; Zambia: 1; Zimbabwe: 1
Data4,118,1969 - 2023,319,29,0 - 23.6,77 - 2076742,25 (7.84%),0 (0%),78 (24.45%),0 (0%),0 (0%),0 (0%),0 (0%),0 (0%),0 (0%),0 (0%),10 (3.13%),79 (24.76%),180 (56.43%),50 (15.67%),ADM0: 10; ADM1: 79; ADM2: 180; Site: 50,"1-100: 10; 101-1,000: 131; 1,001-10,000: 96; 10,001-100,000: 62; 100,001-1,000,000: 14; 1,000,001-10,000,000: 6; 10,000,001-100,000,000: 0; 100,000,001-1,288,400,000: 0",1964-1970: 1; 1971-1980: 35; 1981-1990: 4; 1991-2000: 25; 2001-2010: 145; 2011-2020: 83; 2021-2023: 26,India: 85; China: 50; Turkey: 32; Vanuatu: 27; Saudi Arabia: 24; Iraq: 19; Thailand: 11; Maldives: 10; Iran: 9; Oman: 8; Cyprus: 6; Italy: 5; South Korea: 5; Cambodia: 4; Jordan: 4; Malaysia: 3; United Arab Emirates: 3; Myanmar [Burma]: 2; Pakistan: 2; Albania: 1; Bahrain: 1; Bangladesh: 1; Bulgaria: 1; Greece: 1; Libya: 1; Malta: 1; Palestine: 1; Sri Lanka: 1; Yemen: 1
Data5,122,1969 - 2023,561,219,0 - 23.6,66 - 1288400000,29 (5.17%),0 (0%),78 (13.9%),0 (0%),0 (0%),240 (42.78%),0 (0%),240 (42.78%),0 (0%),0 (0%),219 (39.04%),85 (15.15%),181 (32.26%),76 (13.55%),ADM0: 219; ADM1: 85; ADM2: 181; Site: 76,"1-100: 12; 101-1,000: 151; 1,001-10,000: 107; 10,001-100,000: 92; 100,001-1,000,000: 48; 1,000,001-10,000,000: 77; 10,000,001-100,000,000: 63; 100,000,001-1,288,400,000: 11",1964-1970: 1; 1971-1980: 35; 1981-1990: 5; 1991-2000: 25; 2001-2010: 360; 2011-2020: 109; 2021-2023: 26,India: 86; China: 53; Turkey: 32; Bahrain: 27; Vanuatu: 27; Saudi Arabia: 24; Iraq: 20; Thailand: 12; Iran: 10; Maldives: 10; Oman: 8; Cyprus: 6; Italy: 6; South Korea: 6; Cambodia: 5; Jordan: 5; United States: 5; Malaysia: 3; Myanmar [Burma]: 3; Pakistan: 3; United Arab Emirates: 3; Albania: 2; Bangladesh: 2; Brazil: 2; Bulgaria: 2; Greece: 2; Libya: 2; Malta: 2; Palestine: 2; Sri Lanka: 2; Afghanistan: 1; Algeria: 1; American Samoa: 1; Andorra: 1; Angola: 1; Anguilla: 1; Antigua and Barbuda: 1; Argentina: 1; Armenia: 1; Aruba: 1; Australia: 1; Austria: 1; Azerbaijan: 1; Bahamas: 1; Barbados: 1; Belarus: 1; Belgium: 1; Belize: 1; Benin: 1; Bermuda: 1; Bhutan: 1; Bolivia: 1; Bosnia and Herzegovina: 1; Botswana: 1; British Virgin Islands: 1; Brunei: 1; Burkina Faso: 1; Burundi: 1; Cameroon: 1; Canada: 1; Cape Verde: 1; Cayman Islands: 1; Central African Republic: 1; Chad: 1; Chile: 1; Colombia: 1; Comoros: 1; Cook Islands: 1; Costa Rica: 1; Croatia: 1; Cuba: 1; Czech Republic: 1; Democratic Republic of the Congo: 1; Denmark: 1; Djibouti: 1; Dominica: 1; Dominican Republic: 1; East Timor: 1; Ecuador: 1; Egypt: 1; El Salvador: 1; Equatorial Guinea: 1; Eritrea: 1; Estonia: 1; Ethiopia: 1; Falkland Islands: 1; Faroe Islands: 1; Fiji: 1; Finland: 1; France: 1; French Guiana: 1; French Polynesia: 1; Gabon: 1; Gambia: 1; Georgia: 1; Germany: 1; Ghana: 1; Gibraltar: 1; Greenland: 1; Grenada: 1; Guadeloupe: 1; Guatemala: 1; Guinea: 1; Guinea-Bissau: 1; Guyana: 1; Haiti: 1; Honduras: 1; Hungary: 1; Iceland: 1; Indonesia: 1; Ireland: 1; Israel: 1; Ivory Coast: 1; Jamaica: 1; Japan: 1; Kazakhstan: 1; Kenya: 1; Kiribati: 1; Kuwait: 1; Kyrgyzstan: 1; Laos: 1; Latvia: 1; Lebanon: 1; Lesotho: 1; Liberia: 1; Liechtenstein: 1; Lithuania: 1; Luxembourg: 1; Madagascar: 1; Malawi: 1; Mali: 1; Marshall Islands: 1; Martinique: 1; Mauritania: 1; Mauritius: 1; Mayotte: 1; Mexico: 1; Micronesia: 1; Moldova: 1; Monaco: 1; Mongolia: 1; Montserrat: 1; Morocco: 1; Mozambique: 1; Namibia: 1; Nauru: 1; Nepal: 1; Netherlands: 1; New Caledonia: 1; New Zealand: 1; Nicaragua: 1; Niger: 1; Nigeria: 1; Niue: 1; North Korea: 1; North Macedonia: 1; Norway: 1; Palau: 1; Panama: 1; Papua New Guinea: 1; Paraguay: 1; Peru: 1; Philippines: 1; Pitcairn Islands: 1; Poland: 1; Portugal: 1; Qatar: 1; Republic of the Congo: 1; Reunion: 1; Romania: 1; Russia: 1; Rwanda: 1; Saint Kitts and Nevis: 1; Saint Lucia: 1; Saint Pierre and Miquelon: 1; Saint Vincent and the Grenadines: 1; Samoa: 1; San Marino: 1; Sao Tome and Principe: 1; Senegal: 1; Serbia: 1; Seychelles: 1; Sierra Leone: 1; Singapore: 1; Slovakia: 1; Slovenia: 1; Solomon Islands: 1; Somalia: 1; South Africa: 1; Spain: 1; Sudan: 1; Suriname: 1; Swaziland: 1; Sweden: 1; Switzerland: 1; Syria: 1; Taiwan: 1; Tajikistan: 1; Tanzania: 1; Togo: 1; Tokelau: 1; Tonga: 1; Trinidad and Tobago: 1; Tunisia: 1; Turkmenistan: 1; Turks and Caicos Islands: 1; Tuvalu: 1; Uganda: 1; Ukraine: 1; United Kingdom: 1; Uruguay: 1; Uzbekistan: 1; Venezuela: 1; Vietnam: 1; Wallis and Futuna: 1; Western Sahara: 1; Yemen: 1; Zambia: 1; Zimbabwe: 1
Data6,111,1969 - 2023,377,26,0 - 20.7,77 - 2076742,29 (7.69%),147 (38.99%),93 (24.67%),0 (0%),0 (0%),0 (0%),0 (0%),0 (0%),0 (0%),0 (0%),0 (0%),2 (0.53%),325 (86.21%),50 (13.26%),ADM0: 0; ADM1: 2; ADM2: 325; Site: 50,"1-100: 10; 101-1,000: 135; 1,001-10,000: 99; 10,001-100,000: 92; 100,001-1,000,000: 30; 1,000,001-10,000,000: 11; 10,000,001-100,000,000: 0; 100,000,001-1,288,400,000: 0",1964-1970: 1; 1971-1980: 32; 1981-1990: 2; 1991-2000: 37; 2001-2010: 170; 2011-2020: 103; 2021-2023: 32,India: 89; China: 62; Turkey: 52; Saudi Arabia: 42; Vanuatu: 26; Iraq: 24; Iran: 15; Oman: 12; Thailand: 12; Cambodia: 6; Cyprus: 6; Italy: 5; South Korea: 5; Jordan: 4; Malaysia: 4; Myanmar [Burma]: 2; Pakistan: 2; Albania: 1; Bahrain: 1; Bangladesh: 1; Bulgaria: 1; Greece: 1; Malta: 1; Palestine: 1; Sri Lanka: 1; United Arab Emirates: 1
Data7,118,1969 - 2023,319,29,0 - 23.6,77 - 2076742,25 (7.84%),0 (0%),78 (24.45%),0 (0%),0 (0%),0 (0%),0 (0%),0 (0%),0 (0%),0 (0%),10 (3.13%),79 (24.76%),180 (56.43%),50 (15.67%),ADM0: 10; ADM1: 79; ADM2: 180; Site: 50,"1-100: 10; 101-1,000: 131; 1,001-10,000: 96; 10,001-100,000: 62; 100,001-1,000,000: 14; 1,000,001-10,000,000: 6; 10,000,001-100,000,000: 0; 100,000,001-1,288,400,000: 0",1964-1970: 1; 1971-1980: 35; 1981-1990: 4; 1991-2000: 25; 2001-2010: 145; 2011-2020: 83; 2021-2023: 26,India: 85; China: 50; Turkey: 32; Vanuatu: 27; Saudi Arabia: 24; Iraq: 19; Thailand: 11; Maldives: 10; Iran: 9; Oman: 8; Cyprus: 6; Italy: 5; South Korea: 5; Cambodia: 4; Jordan: 4; Malaysia: 3; United Arab Emirates: 3; Myanmar [Burma]: 2; Pakistan: 2; Albania: 1; Bahrain: 1; Bangladesh: 1; Bulgaria: 1; Greece: 1; Libya: 1; Malta: 1; Palestine: 1; Sri Lanka: 1; Yemen: 1
Data8,111,1969 - 2023,380,26,0 - 20.7,77 - 2076742,29 (7.63%),150 (39.47%),95 (25%),0 (0%),0 (0%),0 (0%),0 (0%),0 (0%),0 (0%),0 (0%),0 (0%),2 (0.53%),328 (86.32%),50 (13.16%),ADM0: 0; ADM1: 2; ADM2: 328; Site: 50,"1-100: 10; 101-1,000: 135; 1,001-10,000: 99; 10,001-100,000: 93; 100,001-1,000,000: 32; 1,000,001-10,000,000: 11; 10,000,001-100,000,000: 0; 100,000,001-1,288,400,000: 0",1964-1970: 1; 1971-1980: 32; 1981-1990: 2; 1991-2000: 37; 2001-2010: 172; 2011-2020: 104; 2021-2023: 32,India: 89; China: 62; Turkey: 53; Saudi Arabia: 42; Vanuatu: 26; Iraq: 24; Iran: 17; Oman: 12; Thailand: 12; Cambodia: 6; Cyprus: 6; Italy: 5; South Korea: 5; Jordan: 4; Malaysia: 4; Myanmar [Burma]: 2; Pakistan: 2; Albania: 1; Bahrain: 1; Bangladesh: 1; Bulgaria: 1; Greece: 1; Malta: 1; Palestine: 1; Sri Lanka: 1; United Arab Emirates: 1
Data9,110,1969 - 2023,354,25,0 - 18.2,77 - 2076742,29 (8.19%),150 (42.37%),72 (20.34%),0 (0%),0 (0%),0 (0%),0 (0%),0 (0%),0 (0%),0 (0%),0 (0%),2 (0.56%),302 (85.31%),50 (14.12%),ADM0: 0; ADM1: 2; ADM2: 302; Site: 50,"1-100: 10; 101-1,000: 109; 1,001-10,000: 99; 10,001-100,000: 93; 100,001-1,000,000: 32; 1,000,001-10,000,000: 11; 10,000,001-100,000,000: 0; 100,000,001-1,288,400,000: 0",1964-1970: 1; 1971-1980: 6; 1981-1990: 2; 1991-2000: 37; 2001-2010: 172; 2011-2020: 104; 2021-2023: 32,India: 89; China: 62; Turkey: 53; Saudi Arabia: 42; Iraq: 24; Iran: 17; Oman: 12; Thailand: 12; Cambodia: 6; Cyprus: 6; Italy: 5; South Korea: 5; Jordan: 4; Malaysia: 4; Myanmar [Burma]: 2; Pakistan: 2; Albania: 1; Bahrain: 1; Bangladesh: 1; Bulgaria: 1; Greece: 1; Malta: 1; Palestine: 1; Sri Lanka: 1; United Arab Emirates: 1
