admin_level,geo_admin0,adm0,geo_admin1,name,mean,l,u,pmean,ci95,pu,pl,psd
ADM1,ae,United Arab Emirates,86790563B17371688947531,Fujairah,6257,2915,7901,1.7145992468991464,5.188144809825077,2.1603337296606773,0.8027233499040447,1.406376216098553
ADM1,ae,United Arab Emirates,86790563B37713698718491,Ras al-Khaimah,8461,3894,10561,1.6475270132648103,4.93593910778225,2.072530576261507,0.7744905142657467,1.353840648618617
ADM1,ae,United Arab Emirates,86790563B54996462270189,Dubai,70649,34353,89098,2.105031142498649,6.045409091829544,2.648592535742046,1.0262321407038784,1.656273302531614
ADM1,ae,United Arab Emirates,86790563B58312528765661,Umm al-Quwain,2510,1140,3124,1.6509526019325858,5.079308430303534,2.0572160688705607,0.7616521960690613,1.428575667744267
ADM1,ae,United Arab Emirates,86790563B67786511352001,Ajman,8419,3906,10534,1.8805253151257657,5.423790214847629,2.3622412932072585,0.8975201253069444,1.557829023525921
ADM1,ae,United Arab Emirates,86790563B73502863996263,Sharjah,34807,16481,43683,1.881439990256878,5.547818083778277,2.3800808983628534,0.8953018109543113,1.5186268928716558
ADM1,ae,United Arab Emirates,86790563B97851933618166,Abu Dhabi,101558,49147,128936,3.442450332706323,10.66409608780342,4.375553090850125,1.542834900369513,2.8992178404858713
ADM1,al,Albania,10019604B14385436089405,Gjirokaster,4748,2028,6205,10.05730309394499,30.871791016931315,13.125305516268064,4.350478835007848,8.210285234983077
ADM1,al,Albania,10019604B20372483900648,Korce,17654,8231,23279,10.589499158963315,30.527673228014656,13.87300127006316,4.902916124349121,8.073535081840566
ADM1,al,Albania,10019604B22136638040827,Shkoder,17876,7493,23196,9.600539893194297,30.159534108163992,12.533035164536326,4.035806128924567,8.038760987232761
ADM1,al,Albania,10019604B22972194764918,Tirane,96392,46364,124980,9.801730361367774,27.204040371038047,12.759477703682684,4.700301748248881,7.255936409097563
ADM1,al,Albania,10019604B27803245948518,Berat,9235,4212,12184,10.168767302215455,29.658709013440777,13.303348514134129,4.6273718766598915,7.947761802723455
ADM1,al,Albania,10019604B33591651566634,Durres,22255,10251,28894,9.6721353262275,28.07090937464624,12.562543635338285,4.503467983549327,7.37379677083498
ADM1,al,Albania,10019604B42087418903361,Kukes,6945,3003,9126,10.127820427044078,31.59444609567956,13.277231149245818,4.2882795828872275,8.368951730416294
ADM1,al,Albania,10019604B43610350909235,Elbasan,23788,11543,30908,10.21914074115403,28.376114499961773,13.346356812614872,4.913987885205421,7.510348177897216
ADM1,al,Albania,10019604B67805457582776,Fier,26613,12013,34549,9.825227488670302,29.437688873896818,12.787450710637575,4.401362425885877,7.843084597076237
ADM1,al,Albania,10019604B85743215243103,Diber,9574,4545,12490,10.13815107730638,28.123393213952316,13.265498484029134,4.808219169964547,7.538973871406645
ADM1,al,Albania,10019604B92608405951905,Vlore,10056,4217,13216,9.83908332784348,31.077729314351433,12.8877442624383,4.110756119970717,8.3075515185975
ADM1,al,Albania,10019604B94763749904179,Lezhe,8937,4045,11737,9.80069837417566,28.57400445637277,12.82236321173933,4.463328042337183,7.627906996341305
ADM1,bd,Bangladesh,32408957B16822547371394,Khulna,941493,454828,1203066,5.1817919842481315,15.053658511293348,6.616296408279059,2.4667901221995217,4.058049213766583
ADM1,bd,Bangladesh,32408957B20974371900598,Mymensingh,532488,227943,673543,4.144970030353474,13.456455914082856,5.237904294620359,1.7757048456497626,3.696421874076402
ADM1,bd,Bangladesh,32408957B25416966999624,Dhaka,1884915,790967,2401579,3.9817313585738265,12.872235986745478,5.063819318816236,1.6890100029720565,3.5522280079862183
ADM1,bd,Bangladesh,32408957B35797406369496,Rangpur,1113298,519799,1424300,5.987603232552756,17.56750838185745,7.659497662185594,2.805460323968004,4.727215370301601
ADM1,bd,Bangladesh,32408957B54440081464940,Barisal,334401,130599,423103,4.13938664958052,14.438379255827696,5.237844820594261,1.6127313056698864,4.010027405323456
ADM1,bd,Bangladesh,32408957B66114561887870,Chittagong,955452,341707,1183868,2.756184712305167,10.712195949910951,3.394123822243939,0.9480044882208196,3.0774359265143767
ADM1,bd,Bangladesh,32408957B70511156186430,Sylhet,282546,127042,355987,2.6008630073049916,8.182074455200016,3.2770831039699293,1.1607653786460792,2.2477188143392164
ADM1,bd,Bangladesh,32408957B7497459839512,Rajshani,1210522,558595,1549571,5.696822845255089,16.957991084258143,7.290350365249776,2.6282492338269248,4.5806941311031855
ADM1,bg,Bulgaria,22928101B10467050633435,Razgrad,5281,1698,6757,5.1339745909672745,20.101155575912845,6.551472800402971,1.62740566892966,5.559323742048662
ADM1,bg,Bulgaria,22928101B10853580902187,Sofia City,133133,58618,171772,10.02978915347244,31.086670373871957,12.922052478322156,4.4050581561312585,8.240394944435382
ADM1,bg,Bulgaria,22928101B15309445619201,Blagoevgrad,31957,15704,41592,10.48552896362771,28.47289571114489,13.629386282068156,5.163326903790417,7.548952000060678
ADM1,bg,Bulgaria,22928101B19666750641855,Lovech,9788,4045,12806,8.214060853391647,26.562633596703588,10.641181127493534,3.3781553919192167,7.186504180990984
ADM1,bg,Bulgaria,22928101B22034780121527,Vratsa,13951,5307,17916,8.90628367174702,30.996603379564984,11.44436101942908,3.4168398334449863,8.27017078506668
ADM1,bg,Bulgaria,22928101B24376517820196,Veliko Tarnovo,12504,4673,16045,6.411043354343896,22.57855545867266,8.233271789903945,2.4016122968717415,6.1195523239723135
ADM1,bg,Bulgaria,22928101B33753342847030,Silistra,4808,1389,5976,4.799542158759636,19.936655321294012,6.037395905641681,1.3890426993377003,5.575619731069079
ADM1,bg,Bulgaria,22928101B34472148164035,Montana,11164,4198,14323,9.232705647138047,33.13631308734159,11.84531705989155,3.434455651721784,8.767311956906275
ADM1,bg,Bulgaria,22928101B38188775346828,Targovishte,5221,1802,6618,5.363910058185111,20.00889402806532,6.828753280463569,1.8812086590193424,5.45549820068575
ADM1,bg,Bulgaria,22928101B41164958636442,Varna,14162,4458,17399,3.843610048093229,15.380637027628396,4.812668929942508,1.2382883346539022,4.265446185573729
ADM1,bg,Bulgaria,22928101B42559879863162,Pernik,12285,5502,16005,10.33558866868828,32.09691930086179,13.410596462090512,4.514540463333918,8.465020138448152
ADM1,bg,Bulgaria,22928101B42888996593599,Sofia,22472,10057,28967,9.675173173858584,29.88524050381656,12.498406061549169,4.275791984570937,7.919765103114901
ADM1,bg,Bulgaria,22928101B55570732344968,Plovdiv,52431,26055,67729,7.921352063290292,22.18136483379651,10.232795142603704,3.8287003171483542,5.931008271633565
ADM1,bg,Bulgaria,22928101B56266940088122,Shumen,7323,2381,9273,4.545827813835969,17.754108357344432,5.77155315621968,1.4785945390579474,4.872688753882363
ADM1,bg,Bulgaria,22928101B56540913263476,Kyustendil,12270,5601,15996,10.786569327590652,31.810516618861463,14.051255104257637,4.925799393096688,8.435745537674574
ADM1,bg,Bulgaria,22928101B62584356657275,Kardzhali,8983,4270,11529,6.0931198329066545,17.387894604661575,7.808836847159099,2.9167083378954746,4.6821117078237124
ADM1,bg,Bulgaria,22928101B64181820627758,Haskovo,12275,5633,15850,5.265538522608977,16.000428067935847,6.7536264645725845,2.379561151564698,4.29505183968859
ADM1,bg,Bulgaria,22928101B67695474737276,Pleven,18420,6802,23843,7.846857005328828,28.027992322197377,10.11566518365315,2.8877097036406933,7.563536432283459
ADM1,bg,Bulgaria,22928101B69598714268141,Smolyan,7576,3793,9749,8.042782177174711,21.403752214255253,10.358535040882344,4.072175730976828,5.695486322649161
ADM1,bg,Bulgaria,22928101B70802023378527,Pazardzhik,21077,10483,27231,9.302001968348788,25.36392354233112,12.013806942274288,4.60515569668084,6.759270437954983
ADM1,bg,Bulgaria,22928101B75501004369146,Stara Zagora,19286,8437,24748,6.423054047190803,19.78121137962703,8.294490874623305,2.821380522339536,5.331210096118358
ADM1,bg,Bulgaria,22928101B78233124372900,Gabrovo,7114,2832,9261,7.150497255244273,23.531685901873317,9.256927667741612,2.8844778821421713,6.340108739135129
ADM1,bg,Bulgaria,22928101B86054492807590,Burgas,12209,4361,15291,3.666159726312975,13.334082120327675,4.641631293613455,1.341656055074795,3.6834083947344536
ADM1,bg,Bulgaria,22928101B86642310765226,Dobrich,5592,1632,6940,3.917379239291732,16.685253360798722,4.841552096706423,1.1251713878432237,4.721227470252573
ADM1,bg,Bulgaria,22928101B92184863389410,Ruse,11648,3680,15035,5.874003505578644,22.27127680546953,7.530825565191906,1.9458039957260105,6.1677365616593685
ADM1,bg,Bulgaria,22928101B94052133694697,Sliven,9315,3642,11925,5.371858012452773,18.453228226497533,6.873110545560143,2.090479602784595,5.029795869678388
ADM1,bg,Bulgaria,22928101B96850152312766,Vidin,6168,2063,7883,9.062460774174204,34.11532216394853,11.569854543324116,3.13211098852343,9.081554866732734
ADM1,bg,Bulgaria,22928101B99978725521283,Yambol,5334,2083,6874,4.423680597039284,15.00505498857255,5.6544311681564565,1.7473165182723862,4.106677165185174
ADM1,bh,Bahrain,46075475B48561261049378,Northern Governorate,17291,8794,21643,4.039961028197119,11.002713039808492,5.10877535098402,2.029539729557789,3.0135249403506763
ADM1,bh,Bahrain,46075475B59048782295942,Capital Governorate,12099,6117,15310,3.833136991441179,10.64949922662673,4.846959155586318,1.9589164876605816,2.945562672724062
ADM1,bh,Bahrain,46075475B60502794819066,Muharraq Governorate,9775,4844,12249,3.79918283510742,10.551745826054976,4.7650618408127645,1.887374214838386,3.0602593688290995
ADM1,bh,Bahrain,46075475B73779740647355,Southern Governorate,16741,8209,21242,4.143818068508951,11.75542957810201,5.2693026406989825,2.0066493433326253,3.2113534079339017
ADM1,cn,China,43563684B11314077529156,Shanxi Province,1268181,237100,1415122,3.7678026402056495,20.686904404412132,4.182607573341286,0.6934745122506208,5.98025138807064
ADM1,cn,China,43563684B12894029206055,Inner Mongolia Autonomous Region,1081160,185226,1212128,4.576104489186585,25.137719573691182,5.139893242244832,0.7882844421188864,7.1835797639582255
ADM1,cn,China,43563684B18707831478926,Tibet Autonomous Region,251066,71520,316856,6.821505504057777,27.695627127654404,8.617377046386883,2.10193869676304,7.497666821387409
ADM1,cn,China,43563684B19086189771337,Heilongjiang Province,1445289,252680,1660423,4.815916511861706,26.03288549205856,5.502498863914339,0.8494614413235477,7.297010647961547
ADM1,cn,China,43563684B23255116499717,Liaoning Province,1350856,236663,1483644,3.635783163180339,19.994662515151955,4.030186705532356,0.6415820620314961,5.850786669168681
ADM1,cn,China,43563684B31549564124838,Zhejiang Province,526250,165790,633993,0.9672751636134904,3.915813807676425,1.1723864416297167,0.31480713271568667,1.1661325680750276
ADM1,cn,China,43563684B35924263111076,Chongqing Municipality,434016,177959,539838,1.5663816392908174,5.300106525560171,1.9545621818293004,0.649521246046795,1.4897343096173377
ADM1,cn,China,43563684B36654536150631,Jilin Province,998724,175335,1131075,4.23662656838285,22.775168484338874,4.794480672435713,0.7490355362556858,6.679529764950706
ADM1,cn,China,43563684B3690435731591,Hebei Province,2322116,420183,2580136,3.5115343143782596,19.38161317372877,3.877903122149428,0.6200209642493304,5.644975890931416
ADM1,cn,China,43563684B3854612123007,Xinjiang Uyghur Autonomous Region,1389326,247160,1571213,5.302202680013335,28.91402206531938,5.976115048450718,0.9460208308450369,8.219825095070636
ADM1,cn,China,43563684B40013796582765,Sichuan Province,1178991,505506,1471659,1.7791384678227409,6.681253612744677,2.193028267674909,0.6494697446456505,1.8977667789884105
ADM1,cn,China,43563684B42778291289746,Shaanxi Province,1208728,296375,1443942,3.2050839489311023,15.393069851736405,3.7929134150958865,0.7398722218528816,4.472962232037776
ADM1,cn,China,43563684B44625081224840,Tianjin Municipality,423781,77877,480282,3.1340241929751396,16.57098817381941,3.5854005362685006,0.5714331992115205,4.884758201763829
ADM1,cn,China,43563684B44871963177982,Ningxia Ningxia Hui Autonomous Region,268394,50992,303814,3.8448561026904127,20.21111071505294,4.384571769830949,0.7467611064235858,5.855336494133752
ADM1,cn,China,43563684B48159635852445,Jiangxi Province,1358467,653847,1718665,3.1728290446454888,9.136283012584371,4.017828321284816,1.5338318592705036,2.4856816322495643
ADM1,cn,China,43563684B49951881990831,Fujian Province,1156390,559350,1458755,3.1387115223584554,8.947484649823487,3.9646662180981767,1.5362175282979915,2.4376289792654027
ADM1,cn,China,43563684B50738096979679,Hainan Province,216332,109199,272804,2.877955965293968,7.868415760997803,3.640761281225509,1.4578440549899443,2.1332097499190024
ADM1,cn,China,43563684B58717969136694,Beijing Municipality,790793,138066,893877,3.643477528308887,19.88397822868412,4.091698358243339,0.6315536110057719,5.816892776637454
ADM1,cn,China,43563684B58820076324104,Hunan Province,1919871,1013417,2425271,2.931910045974433,7.765011725565591,3.7108410565331353,1.5221531615057042,2.093142377554113
ADM1,cn,China,43563684B59017807066684,Hubei Province,1207799,543843,1521090,2.2041074282272692,7.125737322530826,2.7695631617349075,0.9544648794743024,1.981118755891201
ADM1,cn,China,43563684B59944133136536,Jiangsu Province,480396,135879,561346,0.6649492360407225,3.0759740023260376,0.7685672497193969,0.1771105868928685,0.9489890747792477
ADM1,cn,China,43563684B63405544197487,Macau Special Administrative Region,4554,2400,5739,3.412651509544235,9.80118930309986,4.300658736279321,1.798772609411569,2.407299739711732
ADM1,cn,China,43563684B69444046664232,Yunnan Province,1894166,591270,2344472,4.246201064185717,17.890726192002397,5.22667968814329,1.260001802775604,5.055744254039969
ADM1,cn,China,43563684B72176452585174,Guangxi Zhuang Autonomous Region,3067487,1548624,3924797,6.254378650886623,17.202884131492265,8.01336068046584,3.1036453793158443,4.600128091198417
ADM1,cn,China,43563684B75809573750309,Shanghai Municipality,32108,10541,37847,0.4259006877146559,1.748673305636768,0.504094640754516,0.13886220372877042,0.5320587265390202
ADM1,cn,China,43563684B81927310483637,Shandong Province,1959621,375440,2150244,2.0860334060632577,11.312444574468108,2.2869098698760326,0.3975183230966383,3.4105388546510844
ADM1,cn,China,43563684B85062358682046,Anhui Province,725197,206653,867717,1.1432044016401102,4.88639095085772,1.3730460059803773,0.34091267681708093,1.4472833781731471
ADM1,cn,China,43563684B85821665216034,Hong Kong Special Administrative Region,81455,42387,102821,3.4545086673243546,9.01668008147115,4.356570746965513,1.8187742134383509,2.4546802206609293
ADM1,cn,China,43563684B89073362741151,Henan Province,2748777,666940,3188730,2.702576996632362,12.832853345862963,3.165006716145113,0.6835864004710924,3.687614159689705
ADM1,cn,China,43563684B94143086419970,Guangzhou Province,5874950,3236522,7436334,5.869177407227608,14.594961307466376,7.458846541096273,3.183646250375506,3.8850037991297537
ADM1,cn,China,43563684B96988646292030,Qinghai Province,251317,48947,285647,4.8206497165580755,25.605997754671577,5.5291429425870735,0.9315249697091024,7.118054884785663
ADM1,cn,China,43563684B98998541602048,Gansu Province,876589,181024,990206,3.86868310918333,20.52412100409077,4.369217079328296,0.7618077532263253,5.916789820884707
ADM1,cn,China,43563684B99504459304239,Guizhou Province,1196426,481085,1511803,3.087204863403582,10.433145188270489,3.90349800854923,1.258856554420066,2.8840725935529843
ADM1,cy,Cyprus,96831152B33829437974548,Kyrenia,14567,8734,18505,12.576555659044011,26.652034295284498,15.968670490216509,7.5769248020940765,6.953489096676026
ADM1,cy,Cyprus,96831152B44760173281138,Famagusta,20318,11756,25990,11.355918225591898,26.053301666452096,14.514845044825927,6.465084662776187,6.829925510513948
ADM1,cy,Cyprus,96831152B50780823318871,Paphos,12069,7196,15326,13.647705666630705,28.971285668975625,17.335955735781443,8.133105432953831,7.606948696533029
ADM1,cy,Cyprus,96831152B68245934251938,Nicosia,67129,41129,84808,13.320765888606845,27.03792262637982,16.927904247264397,8.16421808581369,7.1053995512617965
ADM1,cy,Cyprus,96831152B7259853520280,Limassol,33489,20358,42667,14.141670174460105,28.94590543359102,18.037001204255144,8.641300132179651,7.572677922640827
ADM1,cy,Cyprus,96831152B94682821977378,Larnaca,18942,11353,24043,13.313252380887912,27.38419635379452,16.995509394067838,8.068849815778446,7.183570651762009
ADM1,gr,Greece,93993887B13416678019435,Egean,16639,7718,21295,4.9577164504340825,15.037355417146475,6.322696653972898,2.2607073798291193,4.063867510224013
ADM1,gr,Greece,93993887B27991798971892,Agion Oros,93,47,118,7.798618511055928,20.78617605505101,9.993501854757108,3.9448699697914993,5.555579831860255
ADM1,gr,Greece,93993887B51633966135609,Crete,33158,9513,41495,6.084743237202567,25.38870385893109,7.684419654318859,1.7408078595709904,6.9826525569160705
ADM1,gr,Greece,93993887B60734136759121,Epirus-Western Macedonia,52244,22559,68411,10.42964085930371,31.434251862125805,13.633894822456382,4.59194914327862,8.386160597840313
ADM1,gr,Greece,93993887B7871854332812,Thessalia-Central Greece,89989,38148,117026,8.973664975554026,28.765997510104345,11.662843536348625,3.7325745853055152,7.690853130006698
ADM1,gr,Greece,93993887B82507796030709,Peloponisos-W. Greece & Ionian,90673,30365,115952,8.006072993372955,31.10409490014028,10.229832536442352,2.616205549287473,8.342691589347812
ADM1,gr,Greece,93993887B89090641331067,Macedonia-Thrace,186905,95335,243070,8.78742490777967,23.341785842959464,11.37836353599177,4.429172562503755,6.193822992272246
ADM1,gr,Greece,93993887B92200044825668,Attica,247886,86159,323721,7.1873543856011555,26.863812282103737,9.271007076383396,2.471142987003638,7.212506574074777
ADM1,in,India,1811400B10275735501175,Chandigarh,49609,24415,62241,3.5936396573784855,10.240835983592328,4.50151981168503,1.7684397061268275,2.812779541495429
ADM1,in,India,1811400B12714750866325,Telangana,1204746,448064,1508722,2.798058275169661,10.19127282166814,3.4984016967693514,1.0453707018447176,2.863747316014759
ADM1,in,India,1811400B13048319992860,Andaman and Nicobar Islands,17180,4467,20369,6.300700919425236,29.38046783272181,7.553828715899956,1.6173814658515475,8.113053713457958
ADM1,in,India,1811400B13897000964231,Rajasthan,4223586,1427754,5328178,4.990594538355727,19.431113620833433,6.304582839312389,1.644691426853097,5.349314940245349
ADM1,in,India,1811400B20389831100750,Gujarat,3212387,1735109,4070217,4.589944692686828,11.750606547002429,5.825941631038324,2.436389199309448,3.1490946419391785
ADM1,in,India,1811400B26372263553895,Sikkim,47378,19879,60965,6.853920528765804,23.5062803298209,8.806694821379802,2.678125030083496,6.347111815476615
ADM1,in,India,1811400B27486225364404,Maharashtra,4784888,2557519,6057321,3.4769145457576016,9.039315686932351,4.4032811970079635,1.8317827023219535,2.430224581333687
ADM1,in,India,1811400B29640974896373,Dadra and Nagar Haveli and Daman and Diu,39462,21062,49531,3.9531602072169454,10.089665755570056,5.002773026556351,2.120547851085895,2.689191618165776
ADM1,in,India,1811400B30951523331330,Bihar,10241737,3861812,13210766,7.638281062541261,26.657503803002424,9.842492373248044,2.9052391457690043,7.1684438292973045
ADM1,in,India,1811400B33505784581102,Punjab,1369670,579196,1732007,4.270283214591342,14.270197423601104,5.402056327257565,1.7676729344315774,3.9219733329388218
ADM1,in,India,1811400B3384512108589,Andhra Pradesh,1970614,545768,2395899,3.6174718014739944,15.68638430994059,4.413527657660163,1.0439406579939818,4.3821848072006935
ADM1,in,India,1811400B33926078187901,Uttarakhand,367173,182738,464869,2.956595705897069,8.640417579873164,3.738325573120352,1.4104100331986245,2.356987800646661
ADM1,in,India,1811400B34798073779918,Karnataka,1953745,786463,2446996,2.7084629707410666,9.50203310068358,3.3886349629119477,1.0638010429395954,2.667946745334626
ADM1,in,India,1811400B35443669674401,Puducherry,59020,17511,70511,4.968224711303707,21.36078189714487,5.996335743891366,1.4833511383791735,6.059715138788033
ADM1,in,India,1811400B46299286430981,Nagaland,89216,46130,113175,4.3726959738921005,11.55549455853274,5.549279567472881,2.263176245323061,3.112498405985854
ADM1,in,India,1811400B47390477309417,Uttar Pradesh,13978291,5565553,17770983,5.5985486254422065,18.7248282194298,7.129399061175689,2.294098816572358,5.078767765073748
ADM1,in,India,1811400B48280558608911,Manipur,44094,19872,55481,1.4895954895685708,4.697362013027711,1.8693972895058124,0.6625759670920525,1.3098293063906643
ADM1,in,India,1811400B53556121304148,Mizoram,22154,8004,27103,1.7332325796541068,6.665554537748314,2.1165511993414716,0.613716384567893,1.9619816746558107
ADM1,in,India,1811400B5631241597762,Jharkhand,3741824,1717929,4835085,8.917180764017367,27.254691964023053,11.530550460917263,3.964118169155869,7.265950161058706
ADM1,in,India,1811400B57952506436478,Chhattisgarh,1992940,718189,2548573,5.912437296020095,21.65903850040184,7.541030276897405,2.1272689009897583,5.9120304975924975
ADM1,in,India,1811400B58358687629568,Assam,2115587,1013811,2709871,5.36977490636031,15.12344956432416,6.867939354685554,2.612231779669529,4.061223896028499
ADM1,in,India,1811400B59067701269212,Goa,30203,13133,37617,2.144373378712616,7.06554004803068,2.6642249983208663,0.9193648162553176,2.0055899733622167
ADM1,in,India,1811400B59208031597344,Madhya Pradesh,6342960,2798641,8183940,7.157801173034632,21.87659003956693,9.251563562890205,3.176009546143938,5.856366736965508
ADM1,in,India,1811400B62721010844840,Tamil Nadu,3698986,1152777,4612902,4.698384995212666,19.059047645580115,5.876782469678153,1.4691652925891123,5.269172016724701
ADM1,in,India,1811400B64890954923700,Arunachal Pradesh,127863,63949,164646,7.5251021403727885,22.637284149398013,9.695311112335474,3.4167850617078814,6.047799667944925
ADM1,in,India,1811400B65749478735848,Tripura,111846,44026,139384,2.2926596351399655,8.185879031700985,2.8419402390109805,0.8915040305046278,2.345361957051125
ADM1,in,India,1811400B6642191349695,Delhi,1032993,387847,1288049,4.515894064949806,16.379597725492985,5.640626950843871,1.701150169332725,4.5589717145679485
ADM1,in,India,1811400B77427942722805,Ladakh,18460,4390,22013,4.577498915474839,21.898583376078175,5.432040478012685,1.0946265238359456,6.1996567891077685
ADM1,in,India,1811400B78029392761831,Haryana,1464440,557838,1835229,4.530957869079935,16.413582529257596,5.679462005021402,1.71571084051493,4.5190048797370945
ADM1,in,India,1811400B80463178224976,West Bengal,7378546,4004577,9399981,7.376669484038134,18.599281608944253,9.415103557188443,3.940865620443339,4.946088905952813
ADM1,in,India,1811400B83262669305082,Meghalaya,150139,65698,191548,3.9846403795104193,12.619434773671635,5.068670483636901,1.7387661882858505,3.4446987343900055
ADM1,in,India,1811400B87627265464634,Kerala,1721967,473259,2124354,4.685552052803553,20.208827312552486,5.806799869890703,1.310495265489716,5.642898219005854
ADM1,in,India,1811400B93107328418166,Himachal Pradesh,291307,121995,369582,3.6335306362644615,12.53162068109614,4.585541948855239,1.4393544482514469,3.472869286949387
ADM1,in,India,1811400B93968151644124,Jammu and Kashmir,681000,184036,835350,4.723888131719943,21.126486140826373,5.794063991912285,1.25796381057288,5.8639647449608985
ADM1,in,India,1811400B94749165803970,Odisha,3879991,1395582,4993345,7.413802470858303,27.424371204497568,9.50475254721024,2.593787954103971,7.459563003774115
ADM1,in,India,1811400B9712905656664,Lakshadweep,NA,NA,NA,NA,NA,NA,NA,NA
ADM1,iq,Iraq,90741666B26649315642762,Karbala,52604,19217,65738,4.467914507976557,16.46846862392893,5.591466165902512,1.631263706684384,4.6057498278076645
ADM1,iq,Iraq,90741666B35675728601065,Babil,237064,89322,298584,5.34199108098113,19.194338222649822,6.731923414318322,2.019242204316089,5.2975564030389215
ADM1,iq,Iraq,90741666B41911694319439,Maysan,74410,35473,95421,5.433637415833892,16.16582954318024,6.971054647922359,2.4973330486851992,4.37130571608749
ADM1,iq,Iraq,90741666B43482538846313,Ninawa,248309,130201,316086,5.070849736405824,13.877372079966342,6.471127052701303,2.5344237174500193,3.7351363327594895
ADM1,iq,Iraq,90741666B45269951825652,Al-Anbar,144879,54762,184243,3.9972622099229422,14.920043332147364,5.010615462854216,1.4333995243580242,4.169189734337632
ADM1,iq,Iraq,90741666B48942655823756,An-Najaf,74642,26922,91507,3.285270708240714,12.44922250010998,4.057736611711092,1.195123650368074,3.4862154791504856
ADM1,iq,Iraq,90741666B4960655178305,Diyala,206359,91259,264791,6.452448029496054,19.05833330101505,8.270813341006429,2.9945202290737765,5.1167540187115135
ADM1,iq,Iraq,90741666B51188109792560,Al-Qadisiyah,76164,28731,94826,4.629437187047105,16.589929012273533,5.8071466791798505,1.7678357670114309,4.590966102123995
ADM1,iq,Iraq,90741666B51536967638875,Kirkuk,130280,69792,165454,6.431625040298157,16.515784193290422,8.190927698053656,3.3932281014731043,4.398401986960899
ADM1,iq,Iraq,90741666B52181523358993,Dhi Qar,132156,60971,168215,5.076030506503999,15.119613992654832,6.473538171428244,2.3592335281233874,4.088538383289618
ADM1,iq,Iraq,90741666B61816360955577,Al-Basrah,179067,98880,226202,4.776321891481488,11.743008062529483,6.058544207270158,2.617634507341699,3.128977607116653
ADM1,iq,Iraq,90741666B62811758821367,Dohuk,48511,26773,61416,3.99031599540236,9.818930468125313,5.042650375718996,2.1875170306982197,2.6199895083595406
ADM1,iq,Iraq,90741666B69164352399488,Erbil,146068,81849,184893,5.528132465072048,13.382998193657237,7.008790392200068,3.060667500239285,3.5623463289397863
ADM1,iq,Iraq,90741666B7567813580396,Baghdad,408875,163945,527395,6.009397479729875,20.3417141154427,7.71256758401772,2.386917522742362,5.637245418682476
ADM1,iq,Iraq,90741666B78243532213414,Salah al-Din,153774,69591,197919,6.345971061971504,19.033415718034213,8.146932689792239,2.8947924115237553,5.137636109182257
ADM1,iq,Iraq,90741666B80653795634660,Al-Sulaimaniyah,124449,70749,156510,5.394608870692734,12.86337708390732,6.822567907948163,3.025063945235824,3.421774528055211
ADM1,iq,Iraq,90741666B89086103481623,Al-Muthanna,39963,16066,49634,3.1200142961790025,10.448350661960284,3.912479925677375,1.2976887136503896,2.8913230434917434
ADM1,iq,Iraq,90741666B9660114168906,Wasit,103562,41099,131785,5.9548901764308795,19.96083402682321,7.640257606818925,2.3928297268990577,5.4352835169734
ADM1,ir,Iran,17685810B13634253209619,Hormozgan,13765,6619,17304,0.8440407501616612,2.5445302173851676,1.0576538190451887,0.39492078553953097,0.7048272542521181
ADM1,ir,Iran,17685810B14482758343807,Fars,34021,16754,42666,0.6191984069425278,1.789940539123033,0.7765383195317096,0.3010512079395239,0.494369323730526
ADM1,ir,Iran,17685810B15750801494962,Golestan,183301,84319,237088,8.757732883619711,27.580216069582875,11.312940465125044,3.757978176686845,7.3622018309865265
ADM1,ir,Iran,17685810B25515083225264,Bushehr,14081,6685,17727,1.0813489953956523,3.1390241962213845,1.361413307998106,0.5209008940762571,0.8653847055910148
ADM1,ir,Iran,17685810B25666777126911,Kurdistan,90648,42281,115932,4.770739617531204,14.487180128071063,6.078299336379798,2.171760359065006,3.931184574531321
ADM1,ir,Iran,17685810B2943448679054,Kermanshah,121728,53777,155706,5.558684295753973,16.999724972292398,7.123064136769297,2.4914990365640337,4.588668976394584
ADM1,ir,Iran,17685810B32921668939729,Kerman,27151,9123,33009,0.8027016111656928,3.149210504216746,0.973245189767876,0.2769631615559336,0.9385266701811016
ADM1,ir,Iran,17685810B33691629028532,Khuzestan,155610,71439,197586,2.726002336821235,8.275579004980822,3.4533594708117485,1.250051828425218,2.2688751720142992
ADM1,ir,Iran,17685810B35478016729039,Alborz,218419,104630,280222,7.287734971761379,21.087717281598895,9.410402258841998,3.4135103143433776,5.6708481715872745
ADM1,ir,Iran,17685810B42429047121819,South Khorasan,21400,4623,24413,2.2751741722733994,11.40829324950348,2.5854163595159796,0.5071674571600098,3.4688706021954148
ADM1,ir,Iran,17685810B48787388219683,Sistan and Baluchestan,78175,19965,92831,2.518288628807544,11.358475900892373,3.01829711680199,0.6766201616071278,3.2983415586379494
ADM1,ir,Iran,17685810B51250379994702,Kohgiluyeh and Boyer-Ahmad,6077,2962,7655,0.793965179717523,2.2932921360554066,0.9946637643319356,0.3870430325344912,0.6303321269655416
ADM1,ir,Iran,17685810B55929648060160,Lorestan,69116,26408,88205,3.373085435456576,11.713895272996298,4.296368988242917,1.3022930535814516,3.2197115576157507
ADM1,ir,Iran,17685810B58674036904560,Qazvin,94340,40910,122030,6.030450000237043,19.07834832274356,7.761641022840965,2.5811819331978447,5.172990528019316
ADM1,ir,Iran,17685810B60289369533163,Zanjan,59114,25099,76398,4.67604229658151,14.941937628598687,6.016361852081578,1.982644254394967,4.086463287261629
ADM1,ir,Iran,17685810B61022488868677,West Azerbaijan,135863,65160,171715,3.392610521898345,10.06354708515907,4.303498460616681,1.5920526225107372,2.7419040192559474
ADM1,ir,Iran,17685810B61832612938618,Ilam,38457,15510,49936,5.50155342595968,18.04198786059133,7.073222665316621,2.2637211352028426,4.8917296210979915
ADM1,ir,Iran,17685810B62726856250776,Markazi,45495,18935,57324,3.0401140390268124,10.0928854191538,3.849378926985026,1.2635569872912844,2.7739429384425325
ADM1,ir,Iran,17685810B64088296018274,Hamadan,84152,32836,107742,4.242599857238221,14.434098742808215,5.416941843510618,1.6825706554583375,3.9419175198833742
ADM1,ir,Iran,17685810B65423321925509,North Khorasan,70233,20794,89347,7.093368434105196,28.72720578352359,9.01776284644839,2.156350914797022,7.772613756214543
ADM1,ir,Iran,17685810B6920171535296,Isfahan,26307,12661,32970,0.5865334844877685,1.837051861237777,0.7321354110779424,0.2648317270811284,0.5147132838175619
ADM1,ir,Iran,17685810B70330237086844,Gilan,156496,67261,200853,5.432421044200365,17.071658748127955,6.961236994074118,2.3695151857502985,4.631377785834301
ADM1,ir,Iran,17685810B70804744324972,Qom,39736,17695,50448,2.8178992819114907,8.90847409922657,3.5676968433289673,1.2357955450727949,2.4528370500641135
ADM1,ir,Iran,17685810B78639074174399,East Azerbaijan,139743,62673,176252,3.0220280731998472,9.24052790128838,3.82536676804487,1.3756443492949506,2.5344813802108512
ADM1,ir,Iran,17685810B81089289362791,Yazd,4945,1795,6162,0.4400901222722879,1.675393782335271,0.537167301073382,0.15821449640591242,0.48963830979409384
ADM1,ir,Iran,17685810B81839071200385,Tehran,1088097,540881,1399973,6.1099068321813235,17.280024613189823,7.832440716735475,2.9538682933273015,4.661072410520506
ADM1,ir,Iran,17685810B83158362634065,Razavi Khorasan,370188,88233,450009,4.667356474829316,21.899081522244053,5.635515624860668,1.132468398410804,6.127472398885347
ADM1,ir,Iran,17685810B88137413661239,Semnan,47053,21035,60092,5.038212092120766,16.401466344302786,6.410660007734141,2.128751568570432,4.475177975177494
ADM1,ir,Iran,17685810B93581076836103,Chaharmahal and Bakhtiari,5997,2844,7476,0.5893630861103561,1.7918680932139075,0.737962635207655,0.27455642843332456,0.49569908946206304
ADM1,ir,Iran,17685810B97506549195431,Ardabil,42194,20615,53521,2.947169645918927,8.576374706763703,3.7379905456247786,1.4108089223103768,2.3313694164364467
ADM1,it,Italy,99219370B11757823023710,Sicilia,298507,105660,381602,6.7637395878809095,24.760029910644818,8.65895469316713,2.4121283572039185,6.7132926989427695
ADM1,it,Italy,99219370B23623594639346,Veneto,156759,57025,196225,3.3640335365560783,12.717970442841048,4.197556731386242,1.1775136211454982,3.662181521720026
ADM1,it,Italy,99219370B24271312110529,Valle D'Aosta,5561,1514,6647,4.577911380795977,20.465029750567545,5.4950671399300415,1.2360827728748605,5.855295835932479
ADM1,it,Italy,99219370B29387013919098,Umbria,48498,16724,61417,5.636219992094242,21.25347400205818,7.146331403586895,1.9412251073394369,5.8468224303899214
ADM1,it,Italy,99219370B3202058761566,Toscana,146413,60260,185870,4.6239833750131885,15.760261096741935,5.866508522023383,1.853172311537714,4.339278231953129
ADM1,it,Italy,99219370B32188430366135,Puglia,292857,101639,374895,8.327983295947638,31.17078397034333,10.670424540300496,2.8447571653385593,8.52054343229547
ADM1,it,Italy,99219370B32252618689942,Sardegna,218157,125348,281419,14.76144859832364,32.678799641601216,19.043887628217572,8.48390312493386,8.596085426534174
ADM1,it,Italy,99219370B44203213201117,Calabria,125230,39482,157335,7.920156653363063,32.1103842204889,9.976558604823753,2.5064061203069308,8.586428586967854
ADM1,it,Italy,99219370B47733760860247,Liguria,45122,16353,57015,4.482526515365399,16.5588936633252,5.63601321011372,1.6096720281256212,4.657139580839983
ADM1,it,Italy,99219370B56528751462447,Lombardia,357688,122129,441284,3.511668778572742,13.562867111577932,4.34703661074008,1.2137558967572748,3.824988190355181
ADM1,it,Italy,99219370B60469590067714,Basilicata,44398,14407,56069,8.368090729478466,33.09376865571578,10.58097280408333,2.7044500468153503,8.94817609048166
ADM1,it,Italy,99219370B60693535490994,Friuli Venezia Giulia,44239,12750,53288,3.9154172878305538,16.69996696325818,4.754063235683213,1.1117446513461433,4.972773239610996
ADM1,it,Italy,99219370B64386306746688,Piemonte,192081,58681,236070,4.559115962293899,18.85572861285427,5.598336854583907,1.3965581890809298,5.395244664904962
ADM1,it,Italy,99219370B67137821559980,Abruzzo,82273,25489,104961,6.9585205262164775,27.224013434079804,8.914383927328275,2.205668374229811,7.400276153536823
ADM1,it,Italy,99219370B81109940737626,Lazio,424713,145966,547476,7.384613688630194,27.954618746951855,9.482151184523335,2.5016798914176857,7.480624308745977
ADM1,it,Italy,99219370B81614809873014,Molise,21567,6908,27512,7.579721942558158,29.437570850571408,9.657479319854788,2.4420154337119433,8.091821192974093
ADM1,it,Italy,99219370B82132116769007,Emilia-Romagna,145009,61564,182309,3.4050520265796775,11.295147704639088,4.283176346044298,1.4293069548593902,3.136957359520787
ADM1,it,Italy,99219370B84030371526225,Marche,64636,20922,81344,5.230252127643676,20.5476717465075,6.585763553825927,1.7161192999258164,5.6975184058691735
ADM1,it,Italy,99219370B95991741184188,Campania,444523,140975,566708,8.254855784067438,32.768687751365704,10.49575124384152,2.6195465367264763,8.866289120700841
ADM1,it,Italy,99219370B98549535488848,Trentino-Alto Adige,37337,11717,45948,3.5134563755315567,14.58636030073757,4.3299399698752765,1.0613695725581638,4.183027695244013
ADM1,jo,Jordan,50493656B2426935893758,Irbid,82961,44645,104240,3.708119826341762,9.491071660267744,4.655260637084728,1.999253709739155,2.5356057295579952
ADM1,jo,Jordan,50493656B27735438032580,Tafilah,2400,1079,2980,1.99397715624539,6.286641757471423,2.5079266842988113,0.8920331902375075,1.740690433242427
ADM1,jo,Jordan,50493656B3160310749389,Amman,146611,76382,186347,2.2856102023671725,6.219770404760107,2.889395955342578,1.1630392444788873,1.6884722122527671
ADM1,jo,Jordan,50493656B36985381346529,Ajloun,5655,3105,7136,3.5335897608257656,8.86962261802851,4.480513116332658,1.928339240314122,2.3995773740956947
ADM1,jo,Jordan,50493656B46988092437373,Mafraq,19811,10646,24966,2.195403927642804,6.743458119373311,2.7341816913266777,1.02154339634905,1.89012725976556
ADM1,jo,Jordan,50493656B52924352947519,Madaba,5946,3052,7624,2.770753556995234,7.469050344983782,3.523786731715238,1.4055446901636028,2.0336838785604576
ADM1,jo,Jordan,50493656B58837470410257,Karak,8761,4146,11039,2.195477659033715,6.501727793999019,2.768996035425815,1.0380611135951463,1.792633748274666
ADM1,jo,Jordan,50493656B63168145388236,Aqaba,3368,1290,4138,1.6685221219592183,5.7836184707678,2.083196662159101,0.6706417905216076,1.6330192360404936
ADM1,jo,Jordan,50493656B76701409199002,Jerash,7894,4314,9933,3.2586560942481095,8.230052137186759,4.11701985329653,1.7624632087033587,2.202883163956604
ADM1,jo,Jordan,50493656B7872473931491,Balqa,14206,7615,17767,3.3234314072289015,8.544030571492211,4.19817972956802,1.7817889455367906,2.2916118865255006
ADM1,jo,Jordan,50493656B83015710791662,Ma'an,2738,1158,3445,1.3097657758491743,4.323056855954101,1.6359505675645811,0.5561786761930935,1.22458416104616
ADM1,jo,Jordan,50493656B97541012339241,Zarqa,42694,22499,53635,2.0363083048805866,5.4943165841755075,2.560451802527336,1.047400549828064,1.5051518616697928
ADM1,kh,Cambodia,37992800B18682012537966,Pursat,3290,1510,4138,0.7391771467046727,2.2973062694808704,0.9281771608486848,0.33339910319931315,0.6394933090417394
ADM1,kh,Cambodia,37992800B19862510189861,Koh Kong,1438,541,1815,1.0256986717259695,3.692404139376393,1.2809974941226931,0.39002288920399186,1.0460644177609093
ADM1,kh,Cambodia,37992800B36663332004549,Kep,515,166,638,1.1789558856035087,4.545690542633405,1.4677313218578842,0.3810612193084785,1.345153103983534
ADM1,kh,Cambodia,37992800B42158555562772,Prey Veng,9693,3512,11819,0.7598939772830979,2.8771909014318053,0.9272676148996548,0.2748813524683413,0.8597344732118583
ADM1,kh,Cambodia,37992800B4485162085463,Ratanakiri Province,2072,647,2532,0.8282760496360648,3.424141768094705,1.007739167090499,0.2604656900804967,0.9954211245030716
ADM1,kh,Cambodia,37992800B46036584412355,Kampong Speu,7494,3010,9309,0.7613256053073438,2.654627811304995,0.9464953061105283,0.30527367249934806,0.7458247977169483
ADM1,kh,Cambodia,37992800B4812755629120,Siem Reap,7267,3496,9139,0.6054638046901801,1.7614647947055004,0.7609686373594533,0.2918744095532755,0.48724561041887154
ADM1,kh,Cambodia,37992800B528078583451,Svay Rieng,5782,1822,6852,0.9329359477957188,3.911432577133063,1.1047262080993698,0.29413506676970363,1.2068689126617012
ADM1,kh,Cambodia,37992800B57023840568534,Kandal,10037,3992,12387,0.7115416650682559,2.52849575152074,0.8795487405803603,0.28014546241419974,0.7313175479263542
ADM1,kh,Cambodia,37992800B59838984331544,Kampong Thom,4104,1795,5126,0.5029173359143321,1.6319135516786674,0.626614505107983,0.219990989442676,0.4588359884651802
ADM1,kh,Cambodia,37992800B60639331187871,Bantey Meanchey,9193,4497,11568,0.9740375445025424,2.8083874106425717,1.2262373378772569,0.47366712975956105,0.769949272587038
ADM1,kh,Cambodia,37992800B62393256715912,Kampong Cham,5980,2437,7387,0.5801677461391617,1.9981752043524292,0.7186081554420679,0.2363086824281665,0.5788912760528663
ADM1,kh,Cambodia,37992800B66153290508063,Kampong Chhnang,3666,1587,4568,0.5917544756189645,1.9162862186380292,0.7383629911425519,0.25767949887862523,0.5410207934453996
ADM1,kh,Cambodia,37992800B73119019658513,Oddar Meanchey,2256,1056,2826,0.7143212016461727,2.140282994725911,0.8962429423618565,0.334658046841497,0.5936786634133532
ADM1,kh,Cambodia,37992800B77204168518017,Takeo,9460,3484,11734,0.9043155577098196,3.426003557121296,1.1171534259474163,0.3258566264535262,0.9783108318332208
ADM1,kh,Cambodia,37992800B82444097829687,Kratie,3069,1064,3744,0.637505083011083,2.4679597454242357,0.7805136266889015,0.2230261066997424,0.7200341041439591
ADM1,kh,Cambodia,37992800B82526494497621,Battambang,10257,5036,12947,0.8868059671359018,2.56789636839344,1.118823848177805,0.4282236643797741,0.7063422513770024
ADM1,kh,Cambodia,37992800B83627159640807,Phnom Penh,16867,6767,20897,0.6689185093684265,2.3058123733930813,0.8250521984484086,0.2707997012349257,0.6761083658727463
ADM1,kh,Cambodia,37992800B84760754839946,Mondulkiri,981,276,1168,0.8557727590435543,3.6867929358515537,1.0248273420899692,0.2564879584778273,1.0819840490482024
ADM1,kh,Cambodia,37992800B90014860566901,Tbong Khmum,5924,2132,7251,0.6966651544149524,2.6925655636938064,0.8503107710636026,0.24701369603751083,0.7868963744341764
ADM1,kh,Cambodia,37992800B90729700897308,Stung Treng,969,380,1215,0.5593635330471298,2.018371708887579,0.6904291090668379,0.21441044704071308,0.5810005432597486
ADM1,kh,Cambodia,37992800B94509217911919,Preah Vihear,1288,581,1605,0.45053609851649346,1.3553832681369162,0.5649404935110447,0.2113084172128176,0.37552613921931743
ADM1,kh,Cambodia,37992800B97964954759505,Preah Sihanouk,2982,972,3669,1.149697842798856,4.471784605214735,1.4248360788974987,0.3938458129838999,1.2708305619802498
ADM1,kh,Cambodia,37992800B9891185734672,Pailin,983,472,1243,1.0689225148050503,3.118620675184301,1.3523514874116702,0.5053947705468516,0.8724067398782509
ADM1,kh,Cambodia,37992800B99989691305421,Kampot,7161,2481,8843,1.0476090961732671,4.021257672977812,1.296467036414629,0.36712149132622274,1.1325328714999463
ADM1,kr,South Korea,68945753B1407914963537,Busan,24740,12784,31072,1.1682141968669777,3.206582998804384,1.466628722879369,0.603903435009043,0.8584040967834978
ADM1,kr,South Korea,68945753B20472040824940,North Chungcheong,24918,10579,31206,1.40519767859969,4.643664923726446,1.7611861713352543,0.5932433095154788,1.311949704806405
ADM1,kr,South Korea,68945753B2157554864141,South Chungcheong,27051,11406,33783,1.2715794225595012,4.206398767843932,1.583637713183888,0.5395688482059654,1.1977088653069186
ADM1,kr,South Korea,68945753B2247052894248,South Jeolla,28999,12105,35760,1.0954403512120574,3.735691972530516,1.3588671242852288,0.4517930382803222,1.0626169865445902
ADM1,kr,South Korea,68945753B25388893741723,South Gyeongsang,40461,20450,50917,1.1518213088309324,3.264309219203337,1.447890415382143,0.5673858752324313,0.9055001211169464
ADM1,kr,South Korea,68945753B38173238744386,Seoul,140031,45504,168920,1.7097675261576666,6.901640428586049,2.070873680643556,0.5585300581116981,2.090083575441288
ADM1,kr,South Korea,68945753B44990896995036,Daegu,25886,12570,32674,1.2628545673657414,3.675072400475168,1.5861892101431618,0.6060794810800867,1.012868768426426
ADM1,kr,South Korea,68945753B45360083108057,Daejeon,17485,8159,21712,1.2307368673322563,3.7003886612168175,1.539119097424139,0.5738192356668762,1.042315321160221
ADM1,kr,South Korea,68945753B45726471085173,Gwangju,3120,1336,3884,1.1091760449531451,3.643005430156653,1.391299573316321,0.47511458323908967,1.0244675525740097
ADM1,kr,South Korea,68945753B61237429464526,North Jeolla,19755,9329,24903,1.1232895457634169,3.4208765670125536,1.4096868024880296,0.5206868055616748,0.9447344916276118
ADM1,kr,South Korea,68945753B74988065061912,North Gyeongsang,40121,18433,50662,1.390769860801658,4.4562937744883415,1.7490775286944116,0.6094986831246675,1.235516857136836
ADM1,kr,South Korea,68945753B77396685455552,Gyeonggi,247763,83157,301029,1.7285716682650245,6.931953237638223,2.093341963515225,0.5687331282377388,2.1043153918714936
ADM1,kr,South Korea,68945753B8035103366523,Gangwon,29746,9321,35621,1.936902157891724,8.03708663030145,2.348359129285084,0.607540290296274,2.3632129272095574
ADM1,kr,South Korea,68945753B92596633497518,Ulsan,11012,5376,13763,1.247704229341581,3.5290339330436256,1.5717596997074712,0.615887945382186,0.9682179667832572
ADM1,kr,South Korea,68945753B95618204456358,Sejong,3193,1458,4031,1.2629225422156245,3.920567460639462,1.5839828674316994,0.5728832310777017,1.0874505983971638
ADM1,kr,South Korea,68945753B96422166569217,Jeju,6208,2011,7502,1.1547285925737754,4.848975428404495,1.386638015881316,0.36583059956561703,1.41728796638805
ADM1,kr,South Korea,68945753B97546748904456,Incheon,39676,12579,48135,1.6892389577111944,6.776288281279676,2.02206100976241,0.5323551183750779,2.18719397215502
ADM1,lk,Sri Lanka,99731895B42723813444404,Northern Province,65767,22991,83601,6.223808922270419,22.55166223291875,7.988649277242358,2.2529157453149,6.101327421687898
ADM1,lk,Sri Lanka,99731895B45048867975368,Sabaragamuwa Province,141419,59131,182381,6.359815297025296,20.773266609553737,8.205691759675535,2.619697198520588,5.640299841414893
ADM1,lk,Sri Lanka,99731895B45659454926024,North Western Province,170523,79704,220592,6.238243543439134,18.254667998571406,8.059352944571259,2.8772936097634907,4.917759781631203
ADM1,lk,Sri Lanka,99731895B59592770013924,North Central Province,100388,42305,129475,6.328110789951829,20.579850100524617,8.160112944154374,2.6189168440025923,5.557042462028107
ADM1,lk,Sri Lanka,99731895B60066668330852,Southern Province,150843,54505,192854,6.379793477323404,23.479517209007547,8.12518438506101,2.285814082708316,6.41912333720738
ADM1,lk,Sri Lanka,99731895B65779113849791,Central Province,176743,78555,228987,6.29844142617123,19.202462263141,8.155687130043242,2.7722903643954817,5.201052189047756
ADM1,lk,Sri Lanka,99731895B79989051536871,Uva Province,101511,39622,131028,6.3498708829180135,22.0384258165244,8.170722760683756,2.4183958899127167,5.977072320305426
ADM1,lk,Sri Lanka,99731895B91280297462699,Eastern Province,98496,36351,127757,6.379290424564828,22.280714937842376,8.272016037011776,2.3909203502859384,6.050488954929084
ADM1,lk,Sri Lanka,99731895B9410025734023,Western Province,369203,155658,475578,6.333162864562817,20.41952138221757,8.16736181086844,2.638733793059762,5.541036524294182
ADM1,mm,Myanmar [Burma],20573499B1458839332888,Magway,158504,47544,192581,4.135994549300363,17.65677693817682,5.050245406788609,1.2518566837159464,4.919195836897026
ADM1,mm,Myanmar [Burma],20573499B15165985199411,Ayeyarwady,479551,209505,620927,7.935530182682566,25.18327824971258,10.274500760309047,3.362458591777845,6.7596751192136635
ADM1,mm,Myanmar [Burma],20573499B16100987477283,Rakhine,143206,41627,177251,5.017020597098997,21.06928468684845,6.226673134470259,1.5020082424388594,5.819082607526708
ADM1,mm,Myanmar [Burma],20573499B18118741445109,Mandalay,283245,77226,343434,3.6687598908436625,16.242985443477707,4.447426816652166,1.017775573849196,4.6073865057127525
ADM1,mm,Myanmar [Burma],20573499B20548359333017,Tanitharyi,39670,12333,49236,3.312822669571513,13.6304371074372,4.096165691650777,1.0198769728939696,3.835721046857619
ADM1,mm,Myanmar [Burma],20573499B20800805413929,Kayah,17846,5655,21943,5.366407759818558,21.382875570522273,6.692726484567916,1.7648745364475686,5.895718911280126
ADM1,mm,Myanmar [Burma],20573499B36065112188902,Kayin,74938,31439,94911,4.916788944726263,16.848453865565897,6.234035895525681,1.9740884031772457,4.594987132629908
ADM1,mm,Myanmar [Burma],20573499B45778955460535,Bago,331207,140073,423717,6.606762144621525,21.82235687757032,8.459532116054756,2.726178845835265,5.881105103826333
ADM1,mm,Myanmar [Burma],20573499B468250886045,Shan,269762,67563,328418,3.964351888391174,18.1341525065908,4.840563988216776,0.9882508168874894,5.109344946400269
ADM1,mm,Myanmar [Burma],20573499B49598787190205,Mon,92742,39539,118413,5.310341219699505,17.260858427337535,6.763068563471925,2.246401356158932,4.694383858663547
ADM1,mm,Myanmar [Burma],20573499B62482962108471,Kachin,70943,21579,87980,3.932165961353295,16.21011632853757,4.867829991582282,1.209779996998856,4.566225592853376
ADM1,mm,Myanmar [Burma],20573499B70924688451582,Saigang,120467,35838,144617,2.363590468777788,9.210240813377558,2.8950450906187704,0.8218791961332204,2.6590563130358285
ADM1,mm,Myanmar [Burma],20573499B78215385504364,Yangon,655622,347331,837461,7.571707380671349,19.889412792918097,9.735820896562064,3.8768786358381337,5.305586804122601
ADM1,mm,Myanmar [Burma],20573499B86069691961255,Chin,10998,3323,13337,2.202760659925083,9.430073041508958,2.651479776523397,0.6636884293860164,2.7507157521051897
ADM1,mt,Malta,83640313B11181219286938,Saint Lucia's,6288,2920,8023,4.062280025438269,12.830913123914227,5.201930643666696,1.8821554826512303,3.3827788459611563
ADM1,mt,Malta,83640313B12250112405510,Qrendi,3976,1815,5215,4.08668966783926,12.426097090241864,5.34064457685985,1.8747854122718732,3.3694751087412205
ADM1,mt,Malta,83640313B14127747085497,Zabbar,4349,2034,5432,4.09601428560151,12.46534616559438,5.165958936159154,1.8824612966210932,3.485081334217603
ADM1,mt,Malta,83640313B1486371521344,Saint Paul's Bay,949,452,1217,4.073305851531102,12.08475970838729,5.220078539435217,1.939612570505795,3.27956537146272
ADM1,mt,Malta,83640313B15373422559805,Valletta,NA,NA,NA,NA,NA,NA,NA,NA
ADM1,mt,Malta,83640313B16840869609301,Mqabba,3976,1815,5215,4.08668966783926,12.426097090241864,5.34064457685985,1.8747854122718732,3.3694751087412205
ADM1,mt,Malta,83640313B17280193680156,Rabat Malta,5890,2697,7412,4.090689396888392,12.568200994847905,5.200308861495723,1.88282642837533,3.4257668540524904
ADM1,mt,Malta,83640313B17288362293725,Marsa,2854,1295,3762,4.164008143020148,13.25634538334759,5.489315447190927,1.889910577824752,3.440744864486046
ADM1,mt,Malta,83640313B18757815689283,Zebbug Gozo,1179,539,1477,4.275858768236313,13.670698897871286,5.390815186203058,1.9586682980403372,3.5137783389511954
ADM1,mt,Malta,83640313B22048692725877,Munxar,1179,539,1477,4.275858768236313,13.670698897871286,5.390815186203058,1.9586682980403372,3.5137783389511954
ADM1,mt,Malta,83640313B23201697247998,Ghaxaq,3434,1625,4261,3.9605519078563898,12.405480864480868,4.914545840142465,1.8744003874777089,3.3248128274362667
ADM1,mt,Malta,83640313B25798986971232,Santa Venera,7670,3444,9928,4.098713165495635,12.584566683507171,5.326490794864917,1.8448410262776669,3.380183176966094
ADM1,mt,Malta,83640313B2739064872992,Hamrun,7670,3444,9928,4.098713165495635,12.584566683507171,5.326490794864917,1.8448410262776669,3.380183176966094
ADM1,mt,Malta,83640313B28768269315745,Marsaskala,915,409,1171,4.23147666334663,12.525211466707889,5.417372032175843,1.8905222057644775,3.645349840998939
ADM1,mt,Malta,83640313B29094390161534,Isla,3434,1625,4261,3.9605519078563898,12.405480864480868,4.914545840142465,1.8744003874777089,3.3248128274362667
ADM1,mt,Malta,83640313B29713161159535,Zebbug Malta,1122,520,1453,4.009371192658373,11.595848797136137,5.191973706528771,1.8596602467189944,3.298205352996395
ADM1,mt,Malta,83640313B31619509314553,Rabat Gozo,1179,539,1477,4.275858768236313,13.670698897871286,5.390815186203058,1.9586682980403372,3.5137783389511954
ADM1,mt,Malta,83640313B31970331470893,Swieqi,4816,2149,6166,4.033418187971122,11.912787983666751,5.163666142538906,1.799771474730582,3.3196214894461424
ADM1,mt,Malta,83640313B32467663616269,Pieta,7670,3444,9928,4.098713165495635,12.584566683507171,5.326490794864917,1.8448410262776669,3.380183176966094
ADM1,mt,Malta,83640313B32960866536542,Gharb,260,120,331,4.260843951006436,13.13136779339752,5.430601411973017,1.9607139868632104,3.3602979361794447
ADM1,mt,Malta,83640313B33258415860822,Balzan,7810,3502,9858,4.091420682255333,12.660503369738104,5.140528704182643,1.837938843603303,3.5081543222130813
ADM1,mt,Malta,83640313B33471081298860,Mdina,590,263,751,4.010263558102442,12.309422253451569,5.106710200003371,1.7868152169606948,3.305373774483748
ADM1,mt,Malta,83640313B35238084599635,Lija,2994,1353,3692,4.149423176539544,13.408218755809456,5.117391265826378,1.876106212476024,3.69668715498002
ADM1,mt,Malta,83640313B35452323217444,Luqa,2854,1295,3762,4.164008143020148,13.25634538334759,5.489315447190927,1.889910577824752,3.440744864486046
ADM1,mt,Malta,83640313B37728195660378,Siggiewi,4566,2078,5966,4.061214297926988,12.387205477978432,5.2626664512410235,1.8454620138348137,3.3481079973220633
ADM1,mt,Malta,83640313B41717692824168,Saint Julian's,4816,2149,6166,4.033418187971122,11.912787983666751,5.163666142538906,1.799771474730582,3.3196214894461424
ADM1,mt,Malta,83640313B4203543494549,Dingli,590,263,751,4.010263558102442,12.309422253451569,5.106710200003371,1.7868152169606948,3.305373774483748
ADM1,mt,Malta,83640313B45445797793834,Paola,6288,2920,8023,4.062280025438269,12.830913123914227,5.201930643666696,1.8821554826512303,3.3827788459611563
ADM1,mt,Malta,83640313B4607805666794,Attard,10471,4737,13279,4.055156393360517,12.26220749969024,5.159963970866529,1.8523931442784185,3.379890628673805
ADM1,mt,Malta,83640313B47459089411536,Gudja,6288,2920,8023,4.062280025438269,12.830913123914227,5.201930643666696,1.8821554826512303,3.3827788459611563
ADM1,mt,Malta,83640313B47489584808993,Qormi,8792,3964,11381,4.068932507883214,12.254994054716828,5.281651765419535,1.849780766424776,3.3528572356428614
ADM1,mt,Malta,83640313B479640692107,Birgu,3434,1625,4261,3.9605519078563898,12.405480864480868,4.914545840142465,1.8744003874777089,3.3248128274362667
ADM1,mt,Malta,83640313B49786984721924,Gharghur,7810,3502,9858,4.091420682255333,12.660503369738104,5.140528704182643,1.837938843603303,3.5081543222130813
ADM1,mt,Malta,83640313B50368957268821,Tarxien,6288,2920,8023,4.062280025438269,12.830913123914227,5.201930643666696,1.8821554826512303,3.3827788459611563
ADM1,mt,Malta,83640313B50568226236265,Floriana,11104,5069,14189,4.05265941294922,12.524871410498404,5.189175809957433,1.854694146677681,3.361726393789485
ADM1,mt,Malta,83640313B51781637888090,Safi,6288,2920,8023,4.062280025438269,12.830913123914227,5.201930643666696,1.8821554826512303,3.3827788459611563
ADM1,mt,Malta,83640313B52457701676040,Mtarfa,1539,715,1968,4.041784704816772,12.197090980919429,5.163394369719294,1.8632138937332448,3.292469572973234
ADM1,mt,Malta,83640313B52572468836184,Pembroke,4816,2149,6166,4.033418187971122,11.912787983666751,5.163666142538906,1.799771474730582,3.3196214894461424
ADM1,mt,Malta,83640313B57762481818898,Mgarr,235,109,299,4.211083205610502,13.442755459455068,5.365390595684882,1.9519378952151416,3.5490026163395716
ADM1,mt,Malta,83640313B58119709139549,Naxxar,2994,1353,3692,4.149423176539544,13.408218755809456,5.117391265826378,1.876106212476024,3.69668715498002
ADM1,mt,Malta,83640313B62892532222526,Msida,7670,3444,9928,4.098713165495635,12.584566683507171,5.326490794864917,1.8448410262776669,3.380183176966094
ADM1,mt,Malta,83640313B65239971462234,Fgura,3434,1625,4261,3.9605519078563898,12.405480864480868,4.914545840142465,1.8744003874777089,3.3248128274362667
ADM1,mt,Malta,83640313B65871099758360,Saint Lawerence,260,120,331,4.260843951006436,13.13136779339752,5.430601411973017,1.9607139868632104,3.3602979361794447
ADM1,mt,Malta,83640313B66868620268294,Ghasri,1179,539,1477,4.275858768236313,13.670698897871286,5.390815186203058,1.9586682980403372,3.5137783389511954
ADM1,mt,Malta,83640313B67404642525437,Birkirkara,10664,4797,13620,4.115616502510272,12.859117374274598,5.256790951852071,1.8552627550104528,3.485684502970736
ADM1,mt,Malta,83640313B68654222466820,Ghajnsielem,1693,775,2145,4.22777580491292,13.212981614119975,5.400769887108205,1.9361069325843807,3.536000780762789
ADM1,mt,Malta,83640313B7018961264202,Kercem,260,120,331,4.260843951006436,13.13136779339752,5.430601411973017,1.9607139868632104,3.3602979361794447
ADM1,mt,Malta,83640313B71897479502063,Mosta,3943,1805,4909,4.111364514035323,12.746489232098371,5.168734902630797,1.9078593914909097,3.48812626322137
ADM1,mt,Malta,83640313B73002924167818,Xghajra,1359,624,1709,4.262533177675451,13.832700301725438,5.387429790879578,1.966033694443022,3.64195277672433
ADM1,mt,Malta,83640313B74013889214184,Birzebbuga,3434,1625,4261,3.9605519078563898,12.405480864480868,4.914545840142465,1.8744003874777089,3.3248128274362667
ADM1,mt,Malta,83640313B77510365519263,Qala,440,205,563,4.234192769884712,13.45537060110582,5.423830621326055,1.97544477966858,3.6166468117257136
ADM1,mt,Malta,83640313B7765306055043,Sliema,4816,2149,6166,4.033418187971122,11.912787983666751,5.163666142538906,1.799771474730582,3.3196214894461424
ADM1,mt,Malta,83640313B77860025698397,Xewkija,919,419,1146,4.29087358546619,14.210030002345055,5.3510289604331005,1.956622609217464,3.6672587417229465
ADM1,mt,Malta,83640313B7809356491133,Ta' Xbiex,4816,2149,6166,4.033418187971122,11.912787983666751,5.163666142538906,1.799771474730582,3.3196214894461424
ADM1,mt,Malta,83640313B78298812320358,Zurrieq,6288,2920,8023,4.062280025438269,12.830913123914227,5.201930643666696,1.8821554826512303,3.3827788459611563
ADM1,mt,Malta,83640313B82103960374157,Fontana,1179,539,1477,4.275858768236313,13.670698897871286,5.390815186203058,1.9586682980403372,3.5137783389511954
ADM1,mt,Malta,83640313B86123259652058,Bormla,3434,1625,4261,3.9605519078563898,12.405480864480868,4.914545840142465,1.8744003874777089,3.3248128274362667
ADM1,mt,Malta,83640313B86772999416078,Xaghra,4349,2034,5432,4.09601428560151,12.46534616559438,5.165958936159154,1.8824612966210932,3.485081334217603
ADM1,mt,Malta,83640313B8772532342948,Saint John,4816,2149,6166,4.033418187971122,11.912787983666751,5.163666142538906,1.799771474730582,3.3196214894461424
ADM1,mt,Malta,83640313B88514626025467,Nadur,440,205,563,4.234192769884712,13.45537060110582,5.423830621326055,1.97544477966858,3.6166468117257136
ADM1,mt,Malta,83640313B88565641274383,Kalkara,3434,1625,4261,3.9605519078563898,12.405480864480868,4.914545840142465,1.8744003874777089,3.3248128274362667
ADM1,mt,Malta,83640313B8888822450135,Marsaxlokk,4349,2034,5432,4.09601428560151,12.46534616559438,5.165958936159154,1.8824612966210932,3.485081334217603
ADM1,mt,Malta,83640313B90013807190283,Gzira,4816,2149,6166,4.033418187971122,11.912787983666751,5.163666142538906,1.799771474730582,3.3196214894461424
ADM1,mt,Malta,83640313B90947412622423,Sannat,1179,539,1477,4.275858768236313,13.670698897871286,5.390815186203058,1.9586682980403372,3.5137783389511954
ADM1,mt,Malta,83640313B9160841896043,Kirkop,2854,1295,3762,4.164008143020148,13.25634538334759,5.489315447190927,1.889910577824752,3.440744864486046
ADM1,mt,Malta,83640313B92509450630993,Zejtun,3434,1625,4261,3.9605519078563898,12.405480864480868,4.914545840142465,1.8744003874777089,3.3248128274362667
ADM1,mt,Malta,83640313B93785663401147,Mellieha,334,151,436,4.158261059387859,11.97354423890905,5.427450079565461,1.8762534088670977,3.324096788839707
ADM1,mt,Malta,83640313B95001576216408,Iklin,7810,3502,9858,4.091420682255333,12.660503369738104,5.140528704182643,1.837938843603303,3.5081543222130813
ADM1,my,Malaysia,15666254B13191325950550,Selangor,314201,139093,399761,4.241251476714821,13.537479213531435,5.401905324582592,1.826388350060978,3.692311742276368
ADM1,my,Malaysia,15666254B17824011144250,Sarawak,192997,49982,240547,8.531906504673692,36.347860970208195,10.752917797079691,2.4031825827866284,9.793528286418118
ADM1,my,Malaysia,15666254B40304163283793,Kedah,127594,52729,163422,5.519069092831433,17.987642164418563,7.077137019310006,2.306621482306897,4.8703680893637635
ADM1,my,Malaysia,15666254B4265207353082,Labuan,5410,2437,7085,11.722332774967803,33.9892219970651,15.417650679296171,5.2791009749556,9.15922286557952
ADM1,my,Malaysia,15666254B44964481844598,Perlis,18210,7928,23406,5.710683975940345,17.705096915271813,7.293489408971369,2.5086459086345863,4.8140157184597365
ADM1,my,Malaysia,15666254B50242947747650,Sabah,451446,228277,589040,12.927960130110211,33.27551199778545,16.842243281329168,6.625904097242807,8.791546707568882
ADM1,my,Malaysia,15666254B53495315209756,Malacca,43607,16351,54961,4.2991825405400155,15.305581823745928,5.411804295497868,1.6237063187229497,4.339470132662682
ADM1,my,Malaysia,15666254B53971551003747,Kelantan,97782,34427,124625,5.026762266413963,18.468721079975033,6.37776001609513,1.815787250039284,5.056680548285526
ADM1,my,Malaysia,15666254B54729125478011,Putrajaya,3432,1572,4435,3.941802508809715,11.539480937181825,5.094478991778718,1.8053679093774535,3.162166436913235
ADM1,my,Malaysia,15666254B60207109163985,Negeri Sembilan,56387,23385,71516,4.180869457888411,13.96487622235657,5.324475334846989,1.6900859399564665,3.886742249086758
ADM1,my,Malaysia,15666254B66133841680983,Terengganu,52423,16323,66678,4.828425534813644,18.882319026931377,6.122592604513114,1.551587091858322,5.223098157230306
ADM1,my,Malaysia,15666254B8245728769125,Penang,94473,36280,120474,5.574523455992394,19.30675679677156,7.111111211151214,2.1485187151477105,5.307292531440517
ADM1,my,Malaysia,15666254B89869535683348,Perak,132880,50841,169058,5.038862196382988,17.690678463684314,6.401424618850847,1.9536973457279048,4.812768573984823
ADM1,my,Malaysia,15666254B95627195804992,Johor,208183,58793,257590,4.860499098938229,20.163613803981676,6.015709209902904,1.424442450032672,5.948849662591795
ADM1,my,Malaysia,15666254B97003483933575,Kuala Lumpur,94664,42591,120182,4.101943314418731,12.415492639392117,5.207170587593777,1.843364513562913,3.4410124569966376
ADM1,my,Malaysia,15666254B9931075294568,Pahang,77035,27610,97926,4.536608322812821,16.36122045700539,5.754420748275014,1.6720155963529633,4.510086681848929
ADM1,om,Oman,34121849B22347125700948,Al Wusta,1595,656,2014,3.057456128912676,9.68131099976593,3.861733818263191,1.3519940017642742,2.6578675048849085
ADM1,om,Oman,34121849B25680876316223,Al Batinah,32080,16595,40640,2.47505300467211,6.479101665903249,3.1269554344829302,1.301657980782152,1.747199453218954
ADM1,om,Oman,34121849B44126324887336,Az Zahirah,13149,6722,16635,2.7109617571181595,7.482491237673614,3.424359224600077,1.362540464670767,2.0364062162309744
ADM1,om,Oman,34121849B46195496759633,Ash Sharqiyah,19232,9427,24340,2.7886739095602535,7.827713665728653,3.525511745128946,1.37603688646729,2.1291313104746994
ADM1,om,Oman,34121849B5202702749751,Muscat,38067,19011,48340,2.592876642468153,7.252374148556286,3.273884994482213,1.2916691395150666,1.977747737534559
ADM1,om,Oman,34121849B62039877630128,Ad Dakhiliyah,15324,8260,19304,2.7417348274274542,7.389011617186572,3.4667657208512153,1.40679394707024,1.9978443919478193
ADM1,om,Oman,34121849B63883792947792,Dhofar,12653,6045,16145,2.7803118243123377,8.282201793188458,3.5152588184290106,1.3018586874873448,2.2710527140866583
ADM1,pk,Pakistan,70912109B14644242859774,Azad Kashmir,264802,63065,320339,5.154603413517771,24.51293719517565,6.228585545422616,1.2020044912821577,6.801084333547746
ADM1,pk,Pakistan,70912109B33802611131214,Khyber Pakhtunkhwa,2410735,484519,2827740,5.618485201177203,28.438744129284455,6.677728963283495,1.1377849942771652,7.817289048705925
ADM1,pk,Pakistan,70912109B46012202574770,Islamabad Capital Territory,191114,43087,229947,5.318300068689087,26.15846402338934,6.350033286038777,1.2021472753817166,7.1652854273153
ADM1,pk,Pakistan,70912109B47198256610950,Punjab,6936268,1864625,8460740,5.4860442323237235,25.466749532052432,6.673195311958076,1.3703119853626584,6.968366642154456
ADM1,pk,Pakistan,70912109B54810772831146,Gilgit-Baltistan,61144,12253,72211,5.423563433918289,27.549613388982316,6.420810497617195,1.0880942394896698,7.687092344540157
ADM1,pk,Pakistan,70912109B6328463997838,Balochistan,811302,197360,981842,5.370008984258521,24.543791500368073,6.534844002465008,1.3835609138122047,6.763238493938366
ADM1,pk,Pakistan,70912109B87910883258301,Sindh,3675721,1511131,4701795,6.194997583859234,21.938512301434297,7.933850238615717,2.308939409137879,5.989361476857458
ADM1,ps,Palestine,83478781B28849486138516,West Bank,119516,62070,150616,3.951305505450021,10.486222783162424,4.987368294930926,2.051637006173022,2.828671765523981
ADM1,ps,Palestine,83478781B7121896376882,Gaza,103682,51865,133026,4.643957476383283,12.734231589682684,5.924662866529235,2.324172213828967,3.4306242058158936
ADM1,sa,Saudi Arabia,25081817B18223128367115,Tabuk Region,5603,2350,6994,0.7304988310518632,2.5257913367766123,0.9081972432163148,0.29327480626456837,0.7309598182181233
ADM1,sa,Saudi Arabia,25081817B20721508406931,Eastern Region,223360,108284,284635,3.771648505918269,11.447864278590824,4.790493508079449,1.7295295171309857,3.1114994575523203
ADM1,sa,Saudi Arabia,25081817B30843703179747,Hayel Region,260,94,342,0.05089888738123049,0.1579448825779282,0.06340140904727498,0.02327212651377745,0.0445430641070623
ADM1,sa,Saudi Arabia,25081817B33362813788237,Makkah Region,131299,65843,165505,1.2807198443539027,3.614644431618023,1.6130371884445,0.6338017829189148,0.9913003455153832
ADM1,sa,Saudi Arabia,25081817B54479367627811,Najran Region,2661,1038,3243,0.3878719868577784,1.3551038512497513,0.47522801899770933,0.15555577566476206,0.4036931132022624
ADM1,sa,Saudi Arabia,25081817B56088895138556,Riyadh Region,177609,83970,223871,1.413791117469424,4.559344159816773,1.772839566168657,0.613843525521317,1.2792063592686171
ADM1,sa,Saudi Arabia,25081817B5742042673291,Al Jawf Region,3147,1511,3944,0.3825700029757338,1.124728428328406,0.4790585677226019,0.18349487252610897,0.3122924945093874
ADM1,sa,Saudi Arabia,25081817B61333239611232,Northern Borders Region,2631,1076,3254,0.6030115938382941,2.009306040568056,0.7500940004276945,0.25491125677491616,0.5675783855634768
ADM1,sa,Saudi Arabia,25081817B7022046803940,Jazan Region,46294,24152,58613,3.131629237346239,8.252703425625425,3.9739407741614174,1.6254069062594132,2.222413965568936
ADM1,sa,Saudi Arabia,25081817B79414847265706,'Asir Region,23025,12302,28863,0.703358331989824,1.885599210005484,0.8830584159819352,0.3643054236321479,0.5159333032762456
ADM1,sa,Saudi Arabia,25081817B90917209203250,Al Bahah Region,3478,1824,4403,1.179825010240331,3.139951826753896,1.486499672797032,0.6138502024440765,0.8563377054316881
ADM1,sa,Saudi Arabia,25081817B98761102949945,Al-Qassim Region,3294,1647,4165,0.2249723134945339,0.6360202076683872,0.281813173468485,0.1116756707689293,0.17579880562755945
ADM1,sa,Saudi Arabia,25081817B99882732185538,Al Madinah Region,8306,4005,10463,0.4048274438841803,1.2108148742135838,0.5063400890992705,0.19090109127745436,0.3382118328961712
ADM1,th,Thailand,36821470B10823236588148,Nong Khai Province,9386,3363,11555,2.3728090543271496,9.00493528492099,2.9263449097581145,0.8509861075094064,2.5720517636312747
ADM1,th,Thailand,36821470B13392591504269,Ang Thong Province,4193,1879,5314,1.8220340757809583,5.619374345050009,2.305309547220565,0.8124856264219563,1.574038803642105
ADM1,th,Thailand,36821470B14521381139968,Phra Nakhon Si Ayutthaya Province,17690,8146,22295,1.7285343960905986,5.334526264282506,2.170894116908143,0.7874851473301596,1.4738802013077532
ADM1,th,Thailand,36821470B19044788830326,Sukhothai Province,17474,8002,22047,2.879000876805619,8.98735958044506,3.632340674959938,1.2876074739998036,2.4948736998831698
ADM1,th,Thailand,36821470B19154773544216,Phrae Province,10984,4286,13773,3.1806257531305047,11.324801524134893,3.9798203723461096,1.2180027166893506,3.2325755502747353
ADM1,th,Thailand,36821470B19626602766038,Yala Province,21381,9017,27346,5.272414410453118,17.1646184729252,6.766179926327808,2.1918857959415377,4.66141050924251
ADM1,th,Thailand,36821470B20681874570031,Uthai Thani Province,5939,2497,7491,2.469946635020408,8.29689517268633,3.111150187641491,1.0210303368858014,2.295280890434078
ADM1,th,Thailand,36821470B20711037055676,Samut Prakan Province,50912,24305,64438,1.6486391874051138,4.884499669080504,2.086020148382663,0.7764830308374505,1.340150984109422
ADM1,th,Thailand,36821470B21153437012109,Tak Province,20607,8486,25960,3.667914026322086,12.49016084987791,4.606341003641584,1.499670352949251,3.4621898802797317
ADM1,th,Thailand,36821470B21581797364135,Sa Kaeo Province,7990,3915,10049,1.3586562651647616,3.93974160403316,1.708094629846859,0.6590752967520944,1.0763711866828212
ADM1,th,Thailand,36821470B22029007258223,Surat Thani Province,49353,14911,62184,4.859024909752663,19.822388637369947,6.141972732541947,1.4591617719061225,5.460970812302127
ADM1,th,Thailand,36821470B23119655123949,Mukdahan Province,4768,1756,5882,1.3223562567813798,4.83412076532368,1.63183659761648,0.4914189737274984,1.416746254214681
ADM1,th,Thailand,36821470B23371188373360,Phitsanulok Province,22442,11189,28102,2.2305519372318012,6.292834039193698,2.80271484766762,1.1046279807535122,1.724380998162128
ADM1,th,Thailand,36821470B25269958791686,Lopburi Province,13935,6178,17542,1.911279650479657,6.068906417821569,2.4070291162329447,0.8373121478101764,1.679748951583176
ADM1,th,Thailand,36821470B2573550131326,Amnat Charoen Province,2064,831,2585,0.9580209897548826,3.3217240865309923,1.1956246999327669,0.3834297619526857,0.948721590022754
ADM1,th,Thailand,36821470B25757841068371,Mae Hong Son Province,10037,3372,12590,5.066649380431731,19.695609068463057,6.3559980856177285,1.709455464426169,5.445874222955682
ADM1,th,Thailand,36821470B25997690360286,Nakhon Ratchasima Province,40538,18090,50919,1.6173034889946794,5.04245320782196,2.034119745308014,0.7262783862439024,1.3982540901241551
ADM1,th,Thailand,36821470B26201996409674,Pathum Thani Province,40422,19165,50634,1.6826277563766086,4.973040982926749,2.1132475492960037,0.8001820309599113,1.3606518807848005
ADM1,th,Thailand,36821470B27162160815962,Songkhla Province,82098,38579,105488,5.439075941571308,16.17476890577658,6.98714136736456,2.5040439329097133,4.345130171847014
ADM1,th,Thailand,36821470B27711589175552,Suphan Buri Province,14686,6296,18533,1.9739181894828577,6.41648310420633,2.4935434313802993,0.8378681570524575,1.7889516500216147
ADM1,th,Thailand,36821470B28205534186964,Bangkok,179315,85188,225770,1.646850724892294,4.848643288420907,2.0753211678340047,0.7862610690140897,1.3313444490526456
ADM1,th,Thailand,36821470B29302790580634,Loei Province,9584,4205,12002,2.1605964032051226,6.870729351134423,2.7148525806731603,0.9492591505879996,1.919782041680528
ADM1,th,Thailand,36821470B30383242959155,Phatthalung Province,22908,9941,29550,5.420525968542008,16.887635776704382,6.998810040693119,2.349905641425646,4.579555265868854
ADM1,th,Thailand,36821470B31576844110237,Udon Thani Province,20923,8500,25934,2.0059351989714247,6.96638382219259,2.4827176878762853,0.8120793186446469,1.9798490952030163
ADM1,th,Thailand,36821470B32359336681268,Maha Sarakham Province,9004,4126,11307,1.3078208264237106,4.019500813058227,1.6424074528681896,0.599208492864807,1.1134720470017654
ADM1,th,Thailand,36821470B33248883540603,Phichit Province,10644,4997,13311,2.2015568146342863,6.607601110870335,2.76280061805996,1.0278993391135751,1.823788864990472
ADM1,th,Thailand,36821470B33387239802611,Nakhon Phanom Province,9464,3098,11457,1.9051458197515232,7.726925621708226,2.3155064083060424,0.6313989818124175,2.216189354209225
ADM1,th,Thailand,36821470B33660676013176,Surin Province,7892,3566,9886,0.8671388480907817,2.7074869449946934,1.0881703749719354,0.39133940684208546,0.7542249571049864
ADM1,th,Thailand,36821470B35048488642788,Lamphun Province,15481,5462,19254,4.060467367562093,15.136985092306189,5.034786010669478,1.4805486627701625,4.290525864093574
ADM1,th,Thailand,36821470B35986938804215,Trat Province,2333,1015,2960,1.1536442921960608,3.66261948306627,1.4570537213016193,0.5028246577125167,1.030562042194916
ADM1,th,Thailand,36821470B36862854436934,Chumphon Province,16101,4475,19950,3.9158567771097266,17.036111923343633,4.848632013347349,1.0877018624576749,4.682062857231765
ADM1,th,Thailand,36821470B38875339485596,Samut Sakhon Province,24255,10915,30353,1.6477704214934887,5.238490145266417,2.0907904572993186,0.7297494732327142,1.4088078921931226
ADM1,th,Thailand,36821470B39042729548948,Chon Buri Province,33665,15397,42757,1.6816495113587413,5.065433263980879,2.123167579962463,0.7840573006777234,1.3822053489931931
ADM1,th,Thailand,36821470B39609291405430,Nakhon Si Thammarat Province,66130,23111,84716,5.044678159134177,18.760910258204863,6.438627031418191,1.7707244896539145,5.108306889682598
ADM1,th,Thailand,36821470B39713231642809,Saraburi Province,15116,6885,18933,1.8244779887160456,5.631391769345751,2.291480055562739,0.8288649129296668,1.5615135708136352
ADM1,th,Thailand,36821470B40039443092989,Phetchaburi Province,8658,3381,10938,2.102795333037524,7.644472343150712,2.6571320629914945,0.7706667500439335,2.1233306661714635
ADM1,th,Thailand,36821470B44503461788953,Prachuap Khiri Khan Province,10634,3490,13294,2.5986608313808617,10.431417777758073,3.231491935663092,0.832556458866304,2.8992557863380255
ADM1,th,Thailand,36821470B45378358106724,Si Sa Ket Province,4879,2243,6151,0.6326866357224057,1.923388889529724,0.7972515505830298,0.29205651521578796,0.532574556608897
ADM1,th,Thailand,36821470B48254980905782,Nong Bua Lam Phu Province,8848,3821,10961,1.9828366716991344,6.488988192204082,2.4603396501327253,0.8578392994077697,1.8601101387610364
ADM1,th,Thailand,36821470B4901960309299,Buri Ram Province,12149,5409,15305,1.1865760218411638,3.735579650272886,1.4932614810288989,0.5302879330285726,1.0345847274128472
ADM1,th,Thailand,36821470B51648105446388,Kanchanaburi Province,17492,6885,22037,2.5905705964443193,9.153640997264665,3.261109061756337,0.997773979130885,2.548094741021131
ADM1,th,Thailand,36821470B55463016005684,Phetchabun Province,16562,7721,20837,1.9773876756856168,5.961124891482482,2.489491876873718,0.9206804643021224,1.6398975070606896
ADM1,th,Thailand,36821470B56766861882179,Ratchaburi Province,14476,5960,18272,1.9881783870954464,6.986370967727609,2.502154602320327,0.7764091414393375,1.9233098636990893
ADM1,th,Thailand,36821470B56894586168151,Uttaradit Province,10282,4526,12964,2.6223827436161944,8.40949292590072,3.3083576325102366,1.1413617026541591,2.3373976280606
ADM1,th,Thailand,36821470B57700323442314,Trang Province,30407,11959,38889,5.580885003066603,19.18837297955767,7.132503141081172,2.200976644342316,5.163938124122902
ADM1,th,Thailand,36821470B57809552794573,Bueng Kan Province,7935,2545,9651,2.4978905662440334,10.201113536365392,3.045081589131648,0.8001240550392561,2.9431189769887376
ADM1,th,Thailand,36821470B5914712447243,Nan Province,13353,4557,16441,3.197880684118728,12.35546156294509,3.9463540824897,1.09717619180725,3.596795962383881
ADM1,th,Thailand,36821470B61102131347890,Chaiyaphum Province,14499,6538,18165,1.810633561070847,5.639434141864099,2.274642849806143,0.8174406735011029,1.560163114524711
ADM1,th,Thailand,36821470B61535785460971,Nakhon Nayok Province,4682,2217,5863,1.8013227587535845,5.345615532968651,2.269605687995345,0.8546348782452671,1.4539140294929935
ADM1,th,Thailand,36821470B62746704581928,Sakon Nakhon Province,15488,5608,19055,1.9090179362683528,7.213777307132071,2.346392086019599,0.694137856878447,2.065373654208672
ADM1,th,Thailand,36821470B63846977816929,Chiang Mai Province,82914,27097,102756,4.513954555696494,17.768713065492875,5.598877979452669,1.4979009443703108,5.050586323435436
ADM1,th,Thailand,36821470B67709940285974,Rayong Province,18851,8298,23939,1.6184613829211092,4.996791434195969,2.048645204690079,0.7282434823715727,1.387959800726143
ADM1,th,Thailand,36821470B68193181212793,Kamphaeng Phet Province,22945,10136,28871,2.7523349414398837,8.890440684908251,3.4531246182259165,1.2032375964208115,2.4489918939816104
ADM1,th,Thailand,36821470B69138836783186,Sing Buri Province,3431,1499,4284,1.9270614813722449,6.173614231102643,2.419204198477202,0.842790619853909,1.7087863991304024
ADM1,th,Thailand,36821470B70125171159181,Phayao Province,12764,3987,15477,3.747189315995437,15.308336001000963,4.547572420769632,1.179433946323987,4.527840442455744
ADM1,th,Thailand,36821470B70822371500930,Nakhon Sawan Province,19777,8732,24819,2.239456197040949,7.193540029249946,2.811879533632386,0.9792024041524756,1.9853362938036752
ADM1,th,Thailand,36821470B72527469055282,Lampang Province,24350,8821,30221,3.699085110709157,13.85321076960079,4.586216252235939,1.324199244851856,3.993141928019314
ADM1,th,Thailand,36821470B73497999622137,Phuket Province,42574,12961,53393,5.7161400397930775,23.482690439100715,7.145051969369391,1.7296443325743105,6.4397479010076335
ADM1,th,Thailand,36821470B76785328950223,Samut Songkhram Province,2696,1122,3411,1.7589443902118538,5.773508079626207,2.2276202898075663,0.7255803123968854,1.583406658910777
ADM1,th,Thailand,36821470B79775212523117,Phangnga Province,12881,3766,16224,5.339133829548874,22.317281580988617,6.702402778311282,1.5522939315804765,6.132577022802914
ADM1,th,Thailand,36821470B80723746033550,Pattani Province,27650,11630,35295,5.15232562605202,16.91039152072843,6.592526712595476,2.1636590916679257,4.555810248551082
ADM1,th,Thailand,36821470B81436549800024,Prachin Buri Province,12668,6301,15982,1.7180493792660778,4.853718680631771,2.1623705300893916,0.8511316185335007,1.3200380885523393
ADM1,th,Thailand,36821470B82174860486434,Khon Kaen Province,26909,12787,33761,1.613133358940232,4.847602884936139,2.020724889388972,0.7579040543596831,1.355385318919063
ADM1,th,Thailand,36821470B83154897849888,Krabi Province,17166,5570,21610,5.517151108667069,21.64311213803584,6.969679317590052,1.8015546620857967,5.930957372730167
ADM1,th,Thailand,36821470B83466517453713,Narathiwat Province,31043,11850,39600,5.167991329237989,17.918961247742526,6.615101015853037,1.9751709613317516,4.901487396398294
ADM1,th,Thailand,36821470B83614774840492,Satun Province,15690,6719,19947,5.761679431754098,18.498708031708443,7.340374534253379,2.4642734324744655,4.992452905118083
ADM1,th,Thailand,36821470B86267767837341,Chiang Rai Province,46892,13369,57047,4.158616595128809,17.71434863033015,5.068430422014685,1.1967346343366043,5.217668262423115
ADM1,th,Thailand,36821470B86493246441872,Yasothon Province,4017,1650,5053,0.9931467522724304,3.322597720374933,1.2453011086920471,0.4100334422240971,0.934572435014451
ADM1,th,Thailand,36821470B8778739097958,Ubon Ratchathani Province,11549,4824,14545,0.6912019163804268,2.3127630738236307,0.8668107052241801,0.28706854081485483,0.6540177006591402
ADM1,th,Thailand,36821470B89419110435533,Chanthaburi Province,5753,2640,7273,1.3354866472279547,3.9970351698536097,1.684940243687708,0.6218969685796448,1.1065681390146112
ADM1,th,Thailand,36821470B90988665263587,Nakhon Pathom Province,18796,8548,23717,1.7064493840598849,5.321288037828677,2.151488348335672,0.758703684156177,1.4738371646832815
ADM1,th,Thailand,36821470B91271468807469,Chachoengsao Province,13593,6657,17117,1.6976682239592784,4.779648142297405,2.137282478709236,0.8420342987737791,1.3052747385748629
ADM1,th,Thailand,36821470B95617199145557,Chai Nat Province,5092,2174,6398,2.0945403607231876,6.841804821968482,2.6365157063971916,0.893838006891352,1.8955035588924172
ADM1,th,Thailand,36821470B96343765829948,Roi Et Province,9814,4291,12399,1.0987989990630096,3.526230559676705,1.385056822125431,0.4782082616991287,0.9791611631538828
ADM1,th,Thailand,36821470B96554920735688,Ranong Province,14406,3932,17344,4.289447867973396,18.855437150233847,5.274903267396799,1.1728497859543767,5.169308056049973
ADM1,th,Thailand,36821470B98454587472110,Kalasin,9662,4156,12031,1.4411630778009206,4.7774563301781745,1.7958426243027603,0.6172295998222805,1.3293383832314514
ADM1,th,Thailand,36821470B99224408335371,Nonthaburi Province,33833,15823,42170,1.6423196937146454,4.965447834710968,2.0623317045469824,0.7635718945023162,1.3592290702869498
ADM1,tr,Turkey,80719077B10334298996421,Kirklareli,10508,4487,13232,2.889543924800299,9.696946360182972,3.6413708932046234,1.1946093574150751,2.69101211322974
ADM1,tr,Turkey,80719077B11362042972294,Kirikkale,5080,1833,6400,1.769570015827634,6.491819968336554,2.221526528112157,0.6430508060835031,1.8487256992201064
ADM1,tr,Turkey,80719077B12971548112787,Eskisehir,20495,10193,25925,2.2449677024387293,6.386967424922854,2.8318193909312783,1.1011989977508705,1.7456084504331897
ADM1,tr,Turkey,80719077B15602000155844,Ordu,8119,2402,9753,1.2915289070478757,5.515989512112171,1.535288534426737,0.3899906158786531,1.664692590306719
ADM1,tr,Turkey,80719077B1589724669162,Trabzon,6873,2563,8537,1.0397966419409388,3.75868636289517,1.2930719879905497,0.3964736066339039,1.0640866031754264
ADM1,tr,Turkey,80719077B1602304411378,Artvin,1430,591,1780,1.042947877473485,3.4205103341558374,1.3024400033786254,0.4442881381681259,0.9695709749085148
ADM1,tr,Turkey,80719077B18723924091225,Nevsehir,5768,2455,7350,1.774049410185918,5.849219320730929,2.252928215937179,0.7395723894145634,1.6152906135892329
ADM1,tr,Turkey,80719077B18786507826220,Istanbul,261413,121588,329149,1.885130614651104,5.892927632102333,2.372712753376335,0.8469170920364899,1.6162810204736362
ADM1,tr,Turkey,80719077B19658467647683,Yozgat,6534,2297,8208,1.5166568237276357,5.6915231446068635,1.8875963736531112,0.540664718061428,1.6248777181852894
ADM1,tr,Turkey,80719077B19802935753104,Bitlis,6173,2830,7776,1.8844725180566968,5.78025543107793,2.368565937171694,0.8644155267988941,1.600826568989433
ADM1,tr,Turkey,80719077B19932594956901,Manisa,54931,30939,69013,3.45187621710805,8.289174694385427,4.345088068380216,1.935161627778788,2.217325878245646
ADM1,tr,Turkey,80719077B20089439873245,Igdir,3301,1275,4108,1.6391164425162132,5.7838887883389,2.051798131457808,0.6335652809958997,1.655761678716406
ADM1,tr,Turkey,80719077B20532508270601,Tokat,8178,2625,9807,1.3352697360475525,5.420771746243865,1.611055147928721,0.42940935891394016,1.6519726954067244
ADM1,tr,Turkey,80719077B21238382887484,Erzincan,2459,991,3091,1.0279169178602912,3.435935907960551,1.2853544945544642,0.4307058997450922,0.962033249226692
ADM1,tr,Turkey,80719077B26209284550223,Afyonkarahisar,23486,12795,29435,3.020533191407877,7.527506533468709,3.813299480925685,1.6435077345066995,2.020902814215315
ADM1,tr,Turkey,80719077B28392380114016,Van,24722,10973,31238,2.399019749782816,7.359855239069523,3.0456864654406637,1.0835182901018183,2.021269550103406
ADM1,tr,Turkey,80719077B30119007363221,Mardin,26115,12757,32873,2.706561393400876,7.760692307267112,3.420201597313251,1.3182568537812764,2.114310981729538
ADM1,tr,Turkey,80719077B30494634933389,Sakarya,17307,8179,21644,1.6182345829639966,4.9070306156752075,2.0331809310442286,0.7528755786180205,1.3598169851741728
ADM1,tr,Turkey,80719077B30869354278170,Kilis,4376,2244,5510,2.6727318177928847,7.145619045477896,3.384779975661457,1.3831866628418907,1.9326652515977656
ADM1,tr,Turkey,80719077B31080883995775,Samsun,18298,5063,21555,1.497440962242709,6.639033977480826,1.7809483582920598,0.4257177246880123,1.9476919463422595
ADM1,tr,Turkey,80719077B32583172380009,Amasya,5103,1534,6237,1.4559261212087045,6.028205718281677,1.7659777265700674,0.4430407432809979,1.8338261989770852
ADM1,tr,Turkey,80719077B33535290178113,Mersin,83847,40636,107177,5.509390653851625,14.95386040394729,7.035533679080644,2.779913864906113,4.002549017419148
ADM1,tr,Turkey,80719077B33997294820892,Sivas,8012,2965,9849,1.2145220274819846,4.275006957502262,1.499749872582327,0.4804517550262047,1.248832369551216
ADM1,tr,Turkey,80719077B34503670046284,Siirt,7944,3726,10155,2.4156760027331,6.991648859783608,3.0629386573997124,1.1537042933161572,1.9220459124376033
ADM1,tr,Turkey,80719077B3524648625362,Cankiri,3557,1146,4420,1.752375853094334,6.894122139302067,2.178702524967249,0.5679517789167832,2.0390029632628734
ADM1,tr,Turkey,80719077B35512619552530,Sanliurfa,55362,29982,69614,2.329605592463437,5.988429023060396,2.9342337321422605,1.2448220971046602,1.6177382783063516
ADM1,tr,Turkey,80719077B36227448932647,Gumushane,1566,570,1968,1.0319167389341977,3.678772626106894,1.2886853440429562,0.3926838416850527,1.057632721824083
ADM1,tr,Turkey,80719077B36972543372669,Kastamonu,6587,1836,7932,1.7713902520818563,7.679296818986003,2.1376287058500263,0.5045501325040972,2.2586887615556
ADM1,tr,Turkey,80719077B37590323286202,Bayburt,816,334,1009,0.9624041337324852,3.128642378658939,1.2048630275836982,0.4108594685106944,0.8857618680465903
ADM1,tr,Turkey,80719077B39003465173278,Agri,7784,3373,9887,1.4851030920991068,4.804504757759474,1.872460150850466,0.641033806719809,1.3369649771862808
ADM1,tr,Turkey,80719077B39892287187022,Bilecik,4792,2429,6048,1.985726190859621,5.540763007847234,2.4991652843538636,0.9890167075191868,1.5128974438694305
ADM1,tr,Turkey,80719077B40051660631000,Aksaray,9489,4291,12004,2.1316746429363165,6.4384184563784235,2.7017967919255854,0.9788279052481096,1.7608784093416714
ADM1,tr,Turkey,80719077B40631498613339,Kars,3509,1450,4394,1.246304605625323,4.158298321665914,1.5554162121724315,0.5220107615528421,1.1835297880871514
ADM1,tr,Turkey,80719077B41137800759750,Sirnak,18332,9483,23143,3.1027244864235812,8.382615495092498,3.9325892658191712,1.5878970061511803,2.255239917522627
ADM1,tr,Turkey,80719077B41902751620989,Zonguldak,7768,2730,9678,1.702587240931663,6.2429554461899155,2.1128561600138926,0.6058547173918075,1.9504037256805924
ADM1,tr,Turkey,80719077B43172796860329,Kayseri,23117,10139,29464,1.554398598589434,4.860918206670185,1.9552274728513912,0.6969584518260078,1.341762770314294
ADM1,tr,Turkey,80719077B4318484465943,Tekirdag,26852,12057,34038,2.5630662857010145,7.793133593051278,3.224617384535917,1.1783780454186956,2.144406166946137
ADM1,tr,Turkey,80719077B43512589741592,Bingol,3641,1627,4582,1.218099272368356,3.807531746252127,1.5272769342130117,0.550378829735438,1.0545257155750292
ADM1,tr,Turkey,80719077B45885295326030,Canakkale,14719,7696,18432,2.8897857342865745,7.660223885388992,3.637332423695988,1.509553670925761,2.0681971257529623
ADM1,tr,Turkey,80719077B47044460443496,Kutahya,16048,8623,20147,2.7409477111325624,6.91364975638237,3.4569131211665605,1.4822507830634262,1.8606873256047671
ADM1,tr,Turkey,80719077B47484816256121,Tunceli,952,422,1197,1.0844139045878871,3.465534649415747,1.3606572923484597,0.4783623779373886,0.9603295318418088
ADM1,tr,Turkey,80719077B47778459062669,Rize,1770,719,2213,0.9781345997794998,3.216354017201538,1.2226017874786996,0.4186871485960461,0.9061542716142948
ADM1,tr,Turkey,80719077B47806653651907,Ankara,112777,44522,141005,1.9339658946971352,6.514928433489484,2.4173912833649536,0.7970009510527274,1.863643475930193
ADM1,tr,Turkey,80719077B50530672954016,Erzurum,7481,3679,9408,0.9947732539481782,2.882771432131574,1.249349837769344,0.4812941304832384,0.7991133826066473
ADM1,tr,Turkey,80719077B5155931768473,Bursa,67175,33735,84888,2.160941039951908,5.965794775282956,2.7219383831853365,1.089791732656543,1.624205412647128
ADM1,tr,Turkey,80719077B55022069390108,Karaman,11670,6117,14864,4.404325471320969,11.613951017314426,5.59433400586,2.283656170100411,3.1193139216346712
ADM1,tr,Turkey,80719077B55384476443375,Balikesir,31135,16425,39076,2.754121204644201,7.223716418286661,3.463972325402331,1.4505982074680546,1.9602216525779563
ADM1,tr,Turkey,80719077B55399473509250,Karabuk,4652,1493,5689,1.7774793368686042,6.925931644522722,2.1951511300633415,0.5795464166678838,2.155515176816156
ADM1,tr,Turkey,80719077B57211123653900,Giresun,3643,1169,4432,1.1421011162082997,4.452921152321073,1.3966015319082057,0.38565530091531103,1.346689490707033
ADM1,tr,Turkey,80719077B57226385500606,Mugla,43546,23183,55261,4.1758840324775175,10.49458937697806,5.289159174952463,2.2519801829776154,2.814809030347972
ADM1,tr,Turkey,80719077B57743432888015,Corum,8490,2612,10514,1.606414275594353,6.580825297480149,1.9774982191111845,0.495387816284364,1.9261870205105924
ADM1,tr,Turkey,80719077B57889067347253,Hakkari,10543,5354,13356,3.718852545658023,9.93288397556822,4.718032613742045,1.9133914014036608,2.669545453659224
ADM1,tr,Turkey,80719077B58862484177861,Kahramanmaras,20869,11437,26084,1.630473534962992,4.139340870948874,2.0511699409843396,0.881607334608534,1.1164163880249418
ADM1,tr,Turkey,80719077B59477790330217,Izmir,169205,94025,213005,4.068474580788209,9.908558801517138,5.13832388082532,2.2478962059646492,2.647145802320176
ADM1,tr,Turkey,80719077B59741408878569,Nigde,8451,3885,10792,2.343519920037098,6.966381996779131,2.96594232004657,1.0933442984631214,1.9207866018733477
ADM1,tr,Turkey,80719077B60423683749854,Yalova,4084,1958,5186,1.816412747822871,5.274135721428747,2.2870187774161943,0.8762888629044393,1.4503169106822424
ADM1,tr,Turkey,80719077B60965754972902,Ardahan,1115,452,1395,1.2164399347485777,4.259358260242723,1.505583709605554,0.48119303987867346,1.265323823239681
ADM1,tr,Turkey,80719077B63001774148772,Gaziantep,50281,27100,63512,2.2511054249715925,5.689790525921699,2.833594013508158,1.2154351222966384,1.5393486158648453
ADM1,tr,Turkey,80719077B63638727958144,Osmaniye,14163,7236,17677,2.306840633836305,6.161273528508854,2.902972913172941,1.1975101015732856,1.67568955202695
ADM1,tr,Turkey,80719077B63739470532168,Aydin,44255,24845,55800,3.8378091252131834,9.259202958459262,4.834970059083416,2.141703725198135,2.4805443590215797
ADM1,tr,Turkey,80719077B679661827679,Batman,14241,6538,17943,2.1673849168484542,6.5955050312665096,2.733315157613392,0.9959046268223282,1.82158686067078
ADM1,tr,Turkey,80719077B68163725002210,Edirne,14953,6604,19028,3.4844244716369075,10.70753188182162,4.424567048761912,1.5737047613153967,2.92370132811294
ADM1,tr,Turkey,80719077B73855241915553,Elazig,7227,3287,9009,1.2194547727160137,3.64266868065773,1.534278747399407,0.5717998348175714,1.0088184861273997
ADM1,tr,Turkey,80719077B74564265494308,Bartin,3497,1065,4275,1.7927401502935187,7.3187301359344685,2.1810509575009975,0.5502189699776571,2.3158846263059467
ADM1,tr,Turkey,80719077B78139731385057,Konya,69936,37075,88572,2.973796389944968,7.856709683240453,3.7600763620133058,1.5480274303585688,2.125332252934387
ADM1,tr,Turkey,80719077B80837210717778,Malatya,10329,5401,13086,1.2350618303663676,3.3882933644819047,1.5505433527997283,0.6293876285947119,0.9270822983662586
ADM1,tr,Turkey,80719077B83185192232063,Kirsehir,4544,1760,5689,1.784777568395333,6.259382418114025,2.2537837430836594,0.6840303504455907,1.765858966121426
ADM1,tr,Turkey,80719077B86381770870747,Kocaeli,26338,12762,33042,1.6128063808165842,4.71032735792442,2.024943113452835,0.7782686176690945,1.292064264808792
ADM1,tr,Turkey,80719077B86660708585065,Sinop,2897,760,3421,1.7004158304989403,7.790451479375247,2.005488730066818,0.4668498497475393,2.2542438018440385
ADM1,tr,Turkey,80719077B87415935832289,Duzce,6303,2622,7805,1.6437438591258131,5.442145010764398,2.0644151910406636,0.6754588553060722,1.5942845635541492
ADM1,tr,Turkey,80719077B88478081264350,Mus,5926,2746,7464,1.3864067535148636,4.174588368862187,1.7443190099843988,0.6481486387758393,1.1592949430121586
ADM1,tr,Turkey,80719077B90258821264291,Denizli,38599,21867,48434,3.609506170224236,8.666471048240034,4.548544632201701,2.019917586530483,2.3211410003562514
ADM1,tr,Turkey,80719077B9026957888422,Isparta,16675,8774,21195,3.6471800709165327,9.290328607538472,4.62144334745049,1.9505346584596897,2.486850923307139
ADM1,tr,Turkey,80719077B90474549897215,Burdur,11394,6206,14482,4.148167257521809,10.228572817286846,5.248770507090245,2.2685894100434103,2.7430793215528837
ADM1,tr,Turkey,80719077B90872828599679,Adiyaman,9780,5457,12192,1.506081452659568,3.715721003334159,1.8871963715111104,0.8317099344175866,1.0046707428495774
ADM1,tr,Turkey,80719077B95117543422129,Hatay,65345,30579,82978,3.803156217043162,11.23353524316012,4.832938047762637,1.785860454081453,3.048413205566838
ADM1,tr,Turkey,80719077B95172477822815,Adana,74381,35456,94338,2.6483062116492535,7.644946534665548,3.349449021245835,1.2778029586378796,2.08025812798011
ADM1,tr,Turkey,80719077B95251525471141,Usak,12160,6873,15346,3.217491972502166,7.705248494491499,4.045834002636204,1.8123750078235843,2.0610308374589428
ADM1,tr,Turkey,80719077B96039700866385,Bolu,5683,2196,7069,1.756313460163046,5.951822015966685,2.2042839289091356,0.7061163611080907,1.7447045844539053
ADM1,tr,Turkey,80719077B97476213604692,Antalya,136381,74352,172719,5.4072887138594385,13.465649875159096,6.868073453776752,2.9284058128616697,3.5933163671996655
ADM1,tr,Turkey,80719077B99670107521163,Diyarbakir,33891,16215,42837,1.738199249752842,5.1420686143763,2.1886634463162284,0.8201300819043064,1.4264276651259469
